academic_year_id (R),import_mode (O),teacher_ref_type (R),teacher_ref (R),class_ref (R),section_ref (O),subject_code (R),day_of_week (R),period_no (R),start_time (R),end_time (R),room_code (O)
CURRENT,UPSERT,PHONE,9825510001,Class 5,A,Mathematics,MONDAY,1,08:00,08:40,DDEC-5A-P1
CURRENT,UPSERT,PHONE,9825510001,Class 5,A,English,MONDAY,2,08:45,09:25,DDEC-5A-P2
CURRENT,UPSERT,PHONE,9825510001,Class 5,A,Hindi,MONDAY,3,09:40,10:20,DDEC-5A-P3
CURRENT,UPSERT,PHONE,9825510001,Class 5,A,Science,MONDAY,4,10:35,11:15,DDEC-5A-P4
CURRENT,UPSERT,PHONE,9825510001,Class 5,A,Social Science,MONDAY,5,11:30,12:10,DDEC-5A-P5
CURRENT,UPSERT,PHONE,9825510001,Class 5,A,Computer Science,MONDAY,6,12:20,13:00,DDEC-5A-P6
CURRENT,UPSERT,PHONE,9825510001,Class 5,A,Physical Education,MONDAY,7,13:10,13:50,DDEC-5A-P7
CURRENT,UPSERT,PHONE,9825510001,Class 5,A,English,TUESDAY,1,08:00,08:40,DDEC-5A-P1
CURRENT,UPSERT,PHONE,9825510001,Class 5,A,Hindi,TUESDAY,2,08:45,09:25,DDEC-5A-P2
CURRENT,UPSERT,PHONE,9825510001,Class 5,A,Science,TUESDAY,3,09:40,10:20,DDEC-5A-P3
CURRENT,UPSERT,PHONE,9825510001,Class 5,A,Social Science,TUESDAY,4,10:35,11:15,DDEC-5A-P4
CURRENT,UPSERT,PHONE,9825510001,Class 5,A,Computer Science,TUESDAY,5,11:30,12:10,DDEC-5A-P5
CURRENT,UPSERT,PHONE,9825510001,Class 5,A,Physical Education,TUESDAY,6,12:20,13:00,DDEC-5A-P6
CURRENT,UPSERT,PHONE,9825510001,Class 5,A,Mathematics,TUESDAY,7,13:10,13:50,DDEC-5A-P7
CURRENT,UPSERT,PHONE,9825510001,Class 5,A,Hindi,WEDNESDAY,1,08:00,08:40,DDEC-5A-P1
CURRENT,UPSERT,PHONE,9825510001,Class 5,A,Science,WEDNESDAY,2,08:45,09:25,DDEC-5A-P2
CURRENT,UPSERT,PHONE,9825510001,Class 5,A,Social Science,WEDNESDAY,3,09:40,10:20,DDEC-5A-P3
CURRENT,UPSERT,PHONE,9825510001,Class 5,A,Computer Science,WEDNESDAY,4,10:35,11:15,DDEC-5A-P4
CURRENT,UPSERT,PHONE,9825510001,Class 5,A,Physical Education,WEDNESDAY,5,11:30,12:10,DDEC-5A-P5
CURRENT,UPSERT,PHONE,9825510001,Class 5,A,Mathematics,WEDNESDAY,6,12:20,13:00,DDEC-5A-P6
CURRENT,UPSERT,PHONE,9825510001,Class 5,A,English,WEDNESDAY,7,13:10,13:50,DDEC-5A-P7
CURRENT,UPSERT,PHONE,9825510001,Class 5,A,Science,THURSDAY,1,08:00,08:40,DDEC-5A-P1
CURRENT,UPSERT,PHONE,9825510001,Class 5,A,Social Science,THURSDAY,2,08:45,09:25,DDEC-5A-P2
CURRENT,UPSERT,PHONE,9825510001,Class 5,A,Computer Science,THURSDAY,3,09:40,10:20,DDEC-5A-P3
CURRENT,UPSERT,PHONE,9825510001,Class 5,A,Physical Education,THURSDAY,4,10:35,11:15,DDEC-5A-P4
CURRENT,UPSERT,PHONE,9825510001,Class 5,A,Mathematics,THURSDAY,5,11:30,12:10,DDEC-5A-P5
CURRENT,UPSERT,PHONE,9825510001,Class 5,A,English,THURSDAY,6,12:20,13:00,DDEC-5A-P6
CURRENT,UPSERT,PHONE,9825510001,Class 5,A,Hindi,THURSDAY,7,13:10,13:50,DDEC-5A-P7
CURRENT,UPSERT,PHONE,9825510001,Class 5,A,Social Science,FRIDAY,1,08:00,08:40,DDEC-5A-P1
CURRENT,UPSERT,PHONE,9825510001,Class 5,A,Computer Science,FRIDAY,2,08:45,09:25,DDEC-5A-P2
CURRENT,UPSERT,PHONE,9825510001,Class 5,A,Physical Education,FRIDAY,3,09:40,10:20,DDEC-5A-P3
CURRENT,UPSERT,PHONE,9825510001,Class 5,A,Mathematics,FRIDAY,4,10:35,11:15,DDEC-5A-P4
CURRENT,UPSERT,PHONE,9825510001,Class 5,A,English,FRIDAY,5,11:30,12:10,DDEC-5A-P5
CURRENT,UPSERT,PHONE,9825510001,Class 5,A,Hindi,FRIDAY,6,12:20,13:00,DDEC-5A-P6
CURRENT,UPSERT,PHONE,9825510001,Class 5,A,Science,FRIDAY,7,13:10,13:50,DDEC-5A-P7
CURRENT,UPSERT,PHONE,9825510001,Class 5,A,Computer Science,SATURDAY,1,08:00,08:40,DDEC-5A-P1
CURRENT,UPSERT,PHONE,9825510001,Class 5,A,Physical Education,SATURDAY,2,08:45,09:25,DDEC-5A-P2
CURRENT,UPSERT,PHONE,9825510001,Class 5,A,Mathematics,SATURDAY,3,09:40,10:20,DDEC-5A-P3
CURRENT,UPSERT,PHONE,9825510001,Class 5,A,English,SATURDAY,4,10:35,11:15,DDEC-5A-P4
CURRENT,UPSERT,PHONE,9825510001,Class 5,A,Hindi,SATURDAY,5,11:30,12:10,DDEC-5A-P5
CURRENT,UPSERT,PHONE,9825510001,Class 5,A,Science,SATURDAY,6,12:20,13:00,DDEC-5A-P6
CURRENT,UPSERT,PHONE,9825510001,Class 5,A,Social Science,SATURDAY,7,13:10,13:50,DDEC-5A-P7
CURRENT,UPSERT,PHONE,9825510002,Class 5,B,Mathematics,MONDAY,1,08:00,08:40,DDEC-5B-P1
CURRENT,UPSERT,PHONE,9825510002,Class 5,B,English,MONDAY,2,08:45,09:25,DDEC-5B-P2
CURRENT,UPSERT,PHONE,9825510002,Class 5,B,Hindi,MONDAY,3,09:40,10:20,DDEC-5B-P3
CURRENT,UPSERT,PHONE,9825510002,Class 5,B,Science,MONDAY,4,10:35,11:15,DDEC-5B-P4
CURRENT,UPSERT,PHONE,9825510002,Class 5,B,Social Science,MONDAY,5,11:30,12:10,DDEC-5B-P5
CURRENT,UPSERT,PHONE,9825510002,Class 5,B,Computer Science,MONDAY,6,12:20,13:00,DDEC-5B-P6
CURRENT,UPSERT,PHONE,9825510002,Class 5,B,Physical Education,MONDAY,7,13:10,13:50,DDEC-5B-P7
CURRENT,UPSERT,PHONE,9825510002,Class 5,B,English,TUESDAY,1,08:00,08:40,DDEC-5B-P1
CURRENT,UPSERT,PHONE,9825510002,Class 5,B,Hindi,TUESDAY,2,08:45,09:25,DDEC-5B-P2
CURRENT,UPSERT,PHONE,9825510002,Class 5,B,Science,TUESDAY,3,09:40,10:20,DDEC-5B-P3
CURRENT,UPSERT,PHONE,9825510002,Class 5,B,Social Science,TUESDAY,4,10:35,11:15,DDEC-5B-P4
CURRENT,UPSERT,PHONE,9825510002,Class 5,B,Computer Science,TUESDAY,5,11:30,12:10,DDEC-5B-P5
CURRENT,UPSERT,PHONE,9825510002,Class 5,B,Physical Education,TUESDAY,6,12:20,13:00,DDEC-5B-P6
CURRENT,UPSERT,PHONE,9825510002,Class 5,B,Mathematics,TUESDAY,7,13:10,13:50,DDEC-5B-P7
CURRENT,UPSERT,PHONE,9825510002,Class 5,B,Hindi,WEDNESDAY,1,08:00,08:40,DDEC-5B-P1
CURRENT,UPSERT,PHONE,9825510002,Class 5,B,Science,WEDNESDAY,2,08:45,09:25,DDEC-5B-P2
CURRENT,UPSERT,PHONE,9825510002,Class 5,B,Social Science,WEDNESDAY,3,09:40,10:20,DDEC-5B-P3
CURRENT,UPSERT,PHONE,9825510002,Class 5,B,Computer Science,WEDNESDAY,4,10:35,11:15,DDEC-5B-P4
CURRENT,UPSERT,PHONE,9825510002,Class 5,B,Physical Education,WEDNESDAY,5,11:30,12:10,DDEC-5B-P5
CURRENT,UPSERT,PHONE,9825510002,Class 5,B,Mathematics,WEDNESDAY,6,12:20,13:00,DDEC-5B-P6
CURRENT,UPSERT,PHONE,9825510002,Class 5,B,English,WEDNESDAY,7,13:10,13:50,DDEC-5B-P7
CURRENT,UPSERT,PHONE,9825510002,Class 5,B,Science,THURSDAY,1,08:00,08:40,DDEC-5B-P1
CURRENT,UPSERT,PHONE,9825510002,Class 5,B,Social Science,THURSDAY,2,08:45,09:25,DDEC-5B-P2
CURRENT,UPSERT,PHONE,9825510002,Class 5,B,Computer Science,THURSDAY,3,09:40,10:20,DDEC-5B-P3
CURRENT,UPSERT,PHONE,9825510002,Class 5,B,Physical Education,THURSDAY,4,10:35,11:15,DDEC-5B-P4
CURRENT,UPSERT,PHONE,9825510002,Class 5,B,Mathematics,THURSDAY,5,11:30,12:10,DDEC-5B-P5
CURRENT,UPSERT,PHONE,9825510002,Class 5,B,English,THURSDAY,6,12:20,13:00,DDEC-5B-P6
CURRENT,UPSERT,PHONE,9825510002,Class 5,B,Hindi,THURSDAY,7,13:10,13:50,DDEC-5B-P7
CURRENT,UPSERT,PHONE,9825510002,Class 5,B,Social Science,FRIDAY,1,08:00,08:40,DDEC-5B-P1
CURRENT,UPSERT,PHONE,9825510002,Class 5,B,Computer Science,FRIDAY,2,08:45,09:25,DDEC-5B-P2
CURRENT,UPSERT,PHONE,9825510002,Class 5,B,Physical Education,FRIDAY,3,09:40,10:20,DDEC-5B-P3
CURRENT,UPSERT,PHONE,9825510002,Class 5,B,Mathematics,FRIDAY,4,10:35,11:15,DDEC-5B-P4
CURRENT,UPSERT,PHONE,9825510002,Class 5,B,English,FRIDAY,5,11:30,12:10,DDEC-5B-P5
CURRENT,UPSERT,PHONE,9825510002,Class 5,B,Hindi,FRIDAY,6,12:20,13:00,DDEC-5B-P6
CURRENT,UPSERT,PHONE,9825510002,Class 5,B,Science,FRIDAY,7,13:10,13:50,DDEC-5B-P7
CURRENT,UPSERT,PHONE,9825510002,Class 5,B,Computer Science,SATURDAY,1,08:00,08:40,DDEC-5B-P1
CURRENT,UPSERT,PHONE,9825510002,Class 5,B,Physical Education,SATURDAY,2,08:45,09:25,DDEC-5B-P2
CURRENT,UPSERT,PHONE,9825510002,Class 5,B,Mathematics,SATURDAY,3,09:40,10:20,DDEC-5B-P3
CURRENT,UPSERT,PHONE,9825510002,Class 5,B,English,SATURDAY,4,10:35,11:15,DDEC-5B-P4
CURRENT,UPSERT,PHONE,9825510002,Class 5,B,Hindi,SATURDAY,5,11:30,12:10,DDEC-5B-P5
CURRENT,UPSERT,PHONE,9825510002,Class 5,B,Science,SATURDAY,6,12:20,13:00,DDEC-5B-P6
CURRENT,UPSERT,PHONE,9825510002,Class 5,B,Social Science,SATURDAY,7,13:10,13:50,DDEC-5B-P7
CURRENT,UPSERT,PHONE,9825510003,Class 5,C,Mathematics,MONDAY,1,08:00,08:40,DDEC-5C-P1
CURRENT,UPSERT,PHONE,9825510003,Class 5,C,English,MONDAY,2,08:45,09:25,DDEC-5C-P2
CURRENT,UPSERT,PHONE,9825510003,Class 5,C,Hindi,MONDAY,3,09:40,10:20,DDEC-5C-P3
CURRENT,UPSERT,PHONE,9825510003,Class 5,C,Science,MONDAY,4,10:35,11:15,DDEC-5C-P4
CURRENT,UPSERT,PHONE,9825510003,Class 5,C,Social Science,MONDAY,5,11:30,12:10,DDEC-5C-P5
CURRENT,UPSERT,PHONE,9825510003,Class 5,C,Computer Science,MONDAY,6,12:20,13:00,DDEC-5C-P6
CURRENT,UPSERT,PHONE,9825510003,Class 5,C,Physical Education,MONDAY,7,13:10,13:50,DDEC-5C-P7
CURRENT,UPSERT,PHONE,9825510003,Class 5,C,English,TUESDAY,1,08:00,08:40,DDEC-5C-P1
CURRENT,UPSERT,PHONE,9825510003,Class 5,C,Hindi,TUESDAY,2,08:45,09:25,DDEC-5C-P2
CURRENT,UPSERT,PHONE,9825510003,Class 5,C,Science,TUESDAY,3,09:40,10:20,DDEC-5C-P3
CURRENT,UPSERT,PHONE,9825510003,Class 5,C,Social Science,TUESDAY,4,10:35,11:15,DDEC-5C-P4
CURRENT,UPSERT,PHONE,9825510003,Class 5,C,Computer Science,TUESDAY,5,11:30,12:10,DDEC-5C-P5
CURRENT,UPSERT,PHONE,9825510003,Class 5,C,Physical Education,TUESDAY,6,12:20,13:00,DDEC-5C-P6
CURRENT,UPSERT,PHONE,9825510003,Class 5,C,Mathematics,TUESDAY,7,13:10,13:50,DDEC-5C-P7
CURRENT,UPSERT,PHONE,9825510003,Class 5,C,Hindi,WEDNESDAY,1,08:00,08:40,DDEC-5C-P1
CURRENT,UPSERT,PHONE,9825510003,Class 5,C,Science,WEDNESDAY,2,08:45,09:25,DDEC-5C-P2
CURRENT,UPSERT,PHONE,9825510003,Class 5,C,Social Science,WEDNESDAY,3,09:40,10:20,DDEC-5C-P3
CURRENT,UPSERT,PHONE,9825510003,Class 5,C,Computer Science,WEDNESDAY,4,10:35,11:15,DDEC-5C-P4
CURRENT,UPSERT,PHONE,9825510003,Class 5,C,Physical Education,WEDNESDAY,5,11:30,12:10,DDEC-5C-P5
CURRENT,UPSERT,PHONE,9825510003,Class 5,C,Mathematics,WEDNESDAY,6,12:20,13:00,DDEC-5C-P6
CURRENT,UPSERT,PHONE,9825510003,Class 5,C,English,WEDNESDAY,7,13:10,13:50,DDEC-5C-P7
CURRENT,UPSERT,PHONE,9825510003,Class 5,C,Science,THURSDAY,1,08:00,08:40,DDEC-5C-P1
CURRENT,UPSERT,PHONE,9825510003,Class 5,C,Social Science,THURSDAY,2,08:45,09:25,DDEC-5C-P2
CURRENT,UPSERT,PHONE,9825510003,Class 5,C,Computer Science,THURSDAY,3,09:40,10:20,DDEC-5C-P3
CURRENT,UPSERT,PHONE,9825510003,Class 5,C,Physical Education,THURSDAY,4,10:35,11:15,DDEC-5C-P4
CURRENT,UPSERT,PHONE,9825510003,Class 5,C,Mathematics,THURSDAY,5,11:30,12:10,DDEC-5C-P5
CURRENT,UPSERT,PHONE,9825510003,Class 5,C,English,THURSDAY,6,12:20,13:00,DDEC-5C-P6
CURRENT,UPSERT,PHONE,9825510003,Class 5,C,Hindi,THURSDAY,7,13:10,13:50,DDEC-5C-P7
CURRENT,UPSERT,PHONE,9825510003,Class 5,C,Social Science,FRIDAY,1,08:00,08:40,DDEC-5C-P1
CURRENT,UPSERT,PHONE,9825510003,Class 5,C,Computer Science,FRIDAY,2,08:45,09:25,DDEC-5C-P2
CURRENT,UPSERT,PHONE,9825510003,Class 5,C,Physical Education,FRIDAY,3,09:40,10:20,DDEC-5C-P3
CURRENT,UPSERT,PHONE,9825510003,Class 5,C,Mathematics,FRIDAY,4,10:35,11:15,DDEC-5C-P4
CURRENT,UPSERT,PHONE,9825510003,Class 5,C,English,FRIDAY,5,11:30,12:10,DDEC-5C-P5
CURRENT,UPSERT,PHONE,9825510003,Class 5,C,Hindi,FRIDAY,6,12:20,13:00,DDEC-5C-P6
CURRENT,UPSERT,PHONE,9825510003,Class 5,C,Science,FRIDAY,7,13:10,13:50,DDEC-5C-P7
CURRENT,UPSERT,PHONE,9825510003,Class 5,C,Computer Science,SATURDAY,1,08:00,08:40,DDEC-5C-P1
CURRENT,UPSERT,PHONE,9825510003,Class 5,C,Physical Education,SATURDAY,2,08:45,09:25,DDEC-5C-P2
CURRENT,UPSERT,PHONE,9825510003,Class 5,C,Mathematics,SATURDAY,3,09:40,10:20,DDEC-5C-P3
CURRENT,UPSERT,PHONE,9825510003,Class 5,C,English,SATURDAY,4,10:35,11:15,DDEC-5C-P4
CURRENT,UPSERT,PHONE,9825510003,Class 5,C,Hindi,SATURDAY,5,11:30,12:10,DDEC-5C-P5
CURRENT,UPSERT,PHONE,9825510003,Class 5,C,Science,SATURDAY,6,12:20,13:00,DDEC-5C-P6
CURRENT,UPSERT,PHONE,9825510003,Class 5,C,Social Science,SATURDAY,7,13:10,13:50,DDEC-5C-P7
CURRENT,UPSERT,PHONE,9825510004,Class 6,A,Mathematics,MONDAY,1,08:00,08:40,DDEC-6A-P1
CURRENT,UPSERT,PHONE,9825510004,Class 6,A,English,MONDAY,2,08:45,09:25,DDEC-6A-P2
CURRENT,UPSERT,PHONE,9825510004,Class 6,A,Hindi,MONDAY,3,09:40,10:20,DDEC-6A-P3
CURRENT,UPSERT,PHONE,9825510004,Class 6,A,Science,MONDAY,4,10:35,11:15,DDEC-6A-P4
CURRENT,UPSERT,PHONE,9825510004,Class 6,A,Social Science,MONDAY,5,11:30,12:10,DDEC-6A-P5
CURRENT,UPSERT,PHONE,9825510004,Class 6,A,Computer Science,MONDAY,6,12:20,13:00,DDEC-6A-P6
CURRENT,UPSERT,PHONE,9825510004,Class 6,A,Physical Education,MONDAY,7,13:10,13:50,DDEC-6A-P7
CURRENT,UPSERT,PHONE,9825510004,Class 6,A,English,TUESDAY,1,08:00,08:40,DDEC-6A-P1
CURRENT,UPSERT,PHONE,9825510004,Class 6,A,Hindi,TUESDAY,2,08:45,09:25,DDEC-6A-P2
CURRENT,UPSERT,PHONE,9825510004,Class 6,A,Science,TUESDAY,3,09:40,10:20,DDEC-6A-P3
CURRENT,UPSERT,PHONE,9825510004,Class 6,A,Social Science,TUESDAY,4,10:35,11:15,DDEC-6A-P4
CURRENT,UPSERT,PHONE,9825510004,Class 6,A,Computer Science,TUESDAY,5,11:30,12:10,DDEC-6A-P5
CURRENT,UPSERT,PHONE,9825510004,Class 6,A,Physical Education,TUESDAY,6,12:20,13:00,DDEC-6A-P6
CURRENT,UPSERT,PHONE,9825510004,Class 6,A,Mathematics,TUESDAY,7,13:10,13:50,DDEC-6A-P7
CURRENT,UPSERT,PHONE,9825510004,Class 6,A,Hindi,WEDNESDAY,1,08:00,08:40,DDEC-6A-P1
CURRENT,UPSERT,PHONE,9825510004,Class 6,A,Science,WEDNESDAY,2,08:45,09:25,DDEC-6A-P2
CURRENT,UPSERT,PHONE,9825510004,Class 6,A,Social Science,WEDNESDAY,3,09:40,10:20,DDEC-6A-P3
CURRENT,UPSERT,PHONE,9825510004,Class 6,A,Computer Science,WEDNESDAY,4,10:35,11:15,DDEC-6A-P4
CURRENT,UPSERT,PHONE,9825510004,Class 6,A,Physical Education,WEDNESDAY,5,11:30,12:10,DDEC-6A-P5
CURRENT,UPSERT,PHONE,9825510004,Class 6,A,Mathematics,WEDNESDAY,6,12:20,13:00,DDEC-6A-P6
CURRENT,UPSERT,PHONE,9825510004,Class 6,A,English,WEDNESDAY,7,13:10,13:50,DDEC-6A-P7
CURRENT,UPSERT,PHONE,9825510004,Class 6,A,Science,THURSDAY,1,08:00,08:40,DDEC-6A-P1
CURRENT,UPSERT,PHONE,9825510004,Class 6,A,Social Science,THURSDAY,2,08:45,09:25,DDEC-6A-P2
CURRENT,UPSERT,PHONE,9825510004,Class 6,A,Computer Science,THURSDAY,3,09:40,10:20,DDEC-6A-P3
CURRENT,UPSERT,PHONE,9825510004,Class 6,A,Physical Education,THURSDAY,4,10:35,11:15,DDEC-6A-P4
CURRENT,UPSERT,PHONE,9825510004,Class 6,A,Mathematics,THURSDAY,5,11:30,12:10,DDEC-6A-P5
CURRENT,UPSERT,PHONE,9825510004,Class 6,A,English,THURSDAY,6,12:20,13:00,DDEC-6A-P6
CURRENT,UPSERT,PHONE,9825510004,Class 6,A,Hindi,THURSDAY,7,13:10,13:50,DDEC-6A-P7
CURRENT,UPSERT,PHONE,9825510004,Class 6,A,Social Science,FRIDAY,1,08:00,08:40,DDEC-6A-P1
CURRENT,UPSERT,PHONE,9825510004,Class 6,A,Computer Science,FRIDAY,2,08:45,09:25,DDEC-6A-P2
CURRENT,UPSERT,PHONE,9825510004,Class 6,A,Physical Education,FRIDAY,3,09:40,10:20,DDEC-6A-P3
CURRENT,UPSERT,PHONE,9825510004,Class 6,A,Mathematics,FRIDAY,4,10:35,11:15,DDEC-6A-P4
CURRENT,UPSERT,PHONE,9825510004,Class 6,A,English,FRIDAY,5,11:30,12:10,DDEC-6A-P5
CURRENT,UPSERT,PHONE,9825510004,Class 6,A,Hindi,FRIDAY,6,12:20,13:00,DDEC-6A-P6
CURRENT,UPSERT,PHONE,9825510004,Class 6,A,Science,FRIDAY,7,13:10,13:50,DDEC-6A-P7
CURRENT,UPSERT,PHONE,9825510004,Class 6,A,Computer Science,SATURDAY,1,08:00,08:40,DDEC-6A-P1
CURRENT,UPSERT,PHONE,9825510004,Class 6,A,Physical Education,SATURDAY,2,08:45,09:25,DDEC-6A-P2
CURRENT,UPSERT,PHONE,9825510004,Class 6,A,Mathematics,SATURDAY,3,09:40,10:20,DDEC-6A-P3
CURRENT,UPSERT,PHONE,9825510004,Class 6,A,English,SATURDAY,4,10:35,11:15,DDEC-6A-P4
CURRENT,UPSERT,PHONE,9825510004,Class 6,A,Hindi,SATURDAY,5,11:30,12:10,DDEC-6A-P5
CURRENT,UPSERT,PHONE,9825510004,Class 6,A,Science,SATURDAY,6,12:20,13:00,DDEC-6A-P6
CURRENT,UPSERT,PHONE,9825510004,Class 6,A,Social Science,SATURDAY,7,13:10,13:50,DDEC-6A-P7
CURRENT,UPSERT,PHONE,9825510005,Class 6,B,Mathematics,MONDAY,1,08:00,08:40,DDEC-6B-P1
CURRENT,UPSERT,PHONE,9825510005,Class 6,B,English,MONDAY,2,08:45,09:25,DDEC-6B-P2
CURRENT,UPSERT,PHONE,9825510005,Class 6,B,Hindi,MONDAY,3,09:40,10:20,DDEC-6B-P3
CURRENT,UPSERT,PHONE,9825510005,Class 6,B,Science,MONDAY,4,10:35,11:15,DDEC-6B-P4
CURRENT,UPSERT,PHONE,9825510005,Class 6,B,Social Science,MONDAY,5,11:30,12:10,DDEC-6B-P5
CURRENT,UPSERT,PHONE,9825510005,Class 6,B,Computer Science,MONDAY,6,12:20,13:00,DDEC-6B-P6
CURRENT,UPSERT,PHONE,9825510005,Class 6,B,Physical Education,MONDAY,7,13:10,13:50,DDEC-6B-P7
CURRENT,UPSERT,PHONE,9825510005,Class 6,B,English,TUESDAY,1,08:00,08:40,DDEC-6B-P1
CURRENT,UPSERT,PHONE,9825510005,Class 6,B,Hindi,TUESDAY,2,08:45,09:25,DDEC-6B-P2
CURRENT,UPSERT,PHONE,9825510005,Class 6,B,Science,TUESDAY,3,09:40,10:20,DDEC-6B-P3
CURRENT,UPSERT,PHONE,9825510005,Class 6,B,Social Science,TUESDAY,4,10:35,11:15,DDEC-6B-P4
CURRENT,UPSERT,PHONE,9825510005,Class 6,B,Computer Science,TUESDAY,5,11:30,12:10,DDEC-6B-P5
CURRENT,UPSERT,PHONE,9825510005,Class 6,B,Physical Education,TUESDAY,6,12:20,13:00,DDEC-6B-P6
CURRENT,UPSERT,PHONE,9825510005,Class 6,B,Mathematics,TUESDAY,7,13:10,13:50,DDEC-6B-P7
CURRENT,UPSERT,PHONE,9825510005,Class 6,B,Hindi,WEDNESDAY,1,08:00,08:40,DDEC-6B-P1
CURRENT,UPSERT,PHONE,9825510005,Class 6,B,Science,WEDNESDAY,2,08:45,09:25,DDEC-6B-P2
CURRENT,UPSERT,PHONE,9825510005,Class 6,B,Social Science,WEDNESDAY,3,09:40,10:20,DDEC-6B-P3
CURRENT,UPSERT,PHONE,9825510005,Class 6,B,Computer Science,WEDNESDAY,4,10:35,11:15,DDEC-6B-P4
CURRENT,UPSERT,PHONE,9825510005,Class 6,B,Physical Education,WEDNESDAY,5,11:30,12:10,DDEC-6B-P5
CURRENT,UPSERT,PHONE,9825510005,Class 6,B,Mathematics,WEDNESDAY,6,12:20,13:00,DDEC-6B-P6
CURRENT,UPSERT,PHONE,9825510005,Class 6,B,English,WEDNESDAY,7,13:10,13:50,DDEC-6B-P7
CURRENT,UPSERT,PHONE,9825510005,Class 6,B,Science,THURSDAY,1,08:00,08:40,DDEC-6B-P1
CURRENT,UPSERT,PHONE,9825510005,Class 6,B,Social Science,THURSDAY,2,08:45,09:25,DDEC-6B-P2
CURRENT,UPSERT,PHONE,9825510005,Class 6,B,Computer Science,THURSDAY,3,09:40,10:20,DDEC-6B-P3
CURRENT,UPSERT,PHONE,9825510005,Class 6,B,Physical Education,THURSDAY,4,10:35,11:15,DDEC-6B-P4
CURRENT,UPSERT,PHONE,9825510005,Class 6,B,Mathematics,THURSDAY,5,11:30,12:10,DDEC-6B-P5
CURRENT,UPSERT,PHONE,9825510005,Class 6,B,English,THURSDAY,6,12:20,13:00,DDEC-6B-P6
CURRENT,UPSERT,PHONE,9825510005,Class 6,B,Hindi,THURSDAY,7,13:10,13:50,DDEC-6B-P7
CURRENT,UPSERT,PHONE,9825510005,Class 6,B,Social Science,FRIDAY,1,08:00,08:40,DDEC-6B-P1
CURRENT,UPSERT,PHONE,9825510005,Class 6,B,Computer Science,FRIDAY,2,08:45,09:25,DDEC-6B-P2
CURRENT,UPSERT,PHONE,9825510005,Class 6,B,Physical Education,FRIDAY,3,09:40,10:20,DDEC-6B-P3
CURRENT,UPSERT,PHONE,9825510005,Class 6,B,Mathematics,FRIDAY,4,10:35,11:15,DDEC-6B-P4
CURRENT,UPSERT,PHONE,9825510005,Class 6,B,English,FRIDAY,5,11:30,12:10,DDEC-6B-P5
CURRENT,UPSERT,PHONE,9825510005,Class 6,B,Hindi,FRIDAY,6,12:20,13:00,DDEC-6B-P6
CURRENT,UPSERT,PHONE,9825510005,Class 6,B,Science,FRIDAY,7,13:10,13:50,DDEC-6B-P7
CURRENT,UPSERT,PHONE,9825510005,Class 6,B,Computer Science,SATURDAY,1,08:00,08:40,DDEC-6B-P1
CURRENT,UPSERT,PHONE,9825510005,Class 6,B,Physical Education,SATURDAY,2,08:45,09:25,DDEC-6B-P2
CURRENT,UPSERT,PHONE,9825510005,Class 6,B,Mathematics,SATURDAY,3,09:40,10:20,DDEC-6B-P3
CURRENT,UPSERT,PHONE,9825510005,Class 6,B,English,SATURDAY,4,10:35,11:15,DDEC-6B-P4
CURRENT,UPSERT,PHONE,9825510005,Class 6,B,Hindi,SATURDAY,5,11:30,12:10,DDEC-6B-P5
CURRENT,UPSERT,PHONE,9825510005,Class 6,B,Science,SATURDAY,6,12:20,13:00,DDEC-6B-P6
CURRENT,UPSERT,PHONE,9825510005,Class 6,B,Social Science,SATURDAY,7,13:10,13:50,DDEC-6B-P7
CURRENT,UPSERT,PHONE,9825510006,Class 6,C,Mathematics,MONDAY,1,08:00,08:40,DDEC-6C-P1
CURRENT,UPSERT,PHONE,9825510006,Class 6,C,English,MONDAY,2,08:45,09:25,DDEC-6C-P2
CURRENT,UPSERT,PHONE,9825510006,Class 6,C,Hindi,MONDAY,3,09:40,10:20,DDEC-6C-P3
CURRENT,UPSERT,PHONE,9825510006,Class 6,C,Science,MONDAY,4,10:35,11:15,DDEC-6C-P4
CURRENT,UPSERT,PHONE,9825510006,Class 6,C,Social Science,MONDAY,5,11:30,12:10,DDEC-6C-P5
CURRENT,UPSERT,PHONE,9825510006,Class 6,C,Computer Science,MONDAY,6,12:20,13:00,DDEC-6C-P6
CURRENT,UPSERT,PHONE,9825510006,Class 6,C,Physical Education,MONDAY,7,13:10,13:50,DDEC-6C-P7
CURRENT,UPSERT,PHONE,9825510006,Class 6,C,English,TUESDAY,1,08:00,08:40,DDEC-6C-P1
CURRENT,UPSERT,PHONE,9825510006,Class 6,C,Hindi,TUESDAY,2,08:45,09:25,DDEC-6C-P2
CURRENT,UPSERT,PHONE,9825510006,Class 6,C,Science,TUESDAY,3,09:40,10:20,DDEC-6C-P3
CURRENT,UPSERT,PHONE,9825510006,Class 6,C,Social Science,TUESDAY,4,10:35,11:15,DDEC-6C-P4
CURRENT,UPSERT,PHONE,9825510006,Class 6,C,Computer Science,TUESDAY,5,11:30,12:10,DDEC-6C-P5
CURRENT,UPSERT,PHONE,9825510006,Class 6,C,Physical Education,TUESDAY,6,12:20,13:00,DDEC-6C-P6
CURRENT,UPSERT,PHONE,9825510006,Class 6,C,Mathematics,TUESDAY,7,13:10,13:50,DDEC-6C-P7
CURRENT,UPSERT,PHONE,9825510006,Class 6,C,Hindi,WEDNESDAY,1,08:00,08:40,DDEC-6C-P1
CURRENT,UPSERT,PHONE,9825510006,Class 6,C,Science,WEDNESDAY,2,08:45,09:25,DDEC-6C-P2
CURRENT,UPSERT,PHONE,9825510006,Class 6,C,Social Science,WEDNESDAY,3,09:40,10:20,DDEC-6C-P3
CURRENT,UPSERT,PHONE,9825510006,Class 6,C,Computer Science,WEDNESDAY,4,10:35,11:15,DDEC-6C-P4
CURRENT,UPSERT,PHONE,9825510006,Class 6,C,Physical Education,WEDNESDAY,5,11:30,12:10,DDEC-6C-P5
CURRENT,UPSERT,PHONE,9825510006,Class 6,C,Mathematics,WEDNESDAY,6,12:20,13:00,DDEC-6C-P6
CURRENT,UPSERT,PHONE,9825510006,Class 6,C,English,WEDNESDAY,7,13:10,13:50,DDEC-6C-P7
CURRENT,UPSERT,PHONE,9825510006,Class 6,C,Science,THURSDAY,1,08:00,08:40,DDEC-6C-P1
CURRENT,UPSERT,PHONE,9825510006,Class 6,C,Social Science,THURSDAY,2,08:45,09:25,DDEC-6C-P2
CURRENT,UPSERT,PHONE,9825510006,Class 6,C,Computer Science,THURSDAY,3,09:40,10:20,DDEC-6C-P3
CURRENT,UPSERT,PHONE,9825510006,Class 6,C,Physical Education,THURSDAY,4,10:35,11:15,DDEC-6C-P4
CURRENT,UPSERT,PHONE,9825510006,Class 6,C,Mathematics,THURSDAY,5,11:30,12:10,DDEC-6C-P5
CURRENT,UPSERT,PHONE,9825510006,Class 6,C,English,THURSDAY,6,12:20,13:00,DDEC-6C-P6
CURRENT,UPSERT,PHONE,9825510006,Class 6,C,Hindi,THURSDAY,7,13:10,13:50,DDEC-6C-P7
CURRENT,UPSERT,PHONE,9825510006,Class 6,C,Social Science,FRIDAY,1,08:00,08:40,DDEC-6C-P1
CURRENT,UPSERT,PHONE,9825510006,Class 6,C,Computer Science,FRIDAY,2,08:45,09:25,DDEC-6C-P2
CURRENT,UPSERT,PHONE,9825510006,Class 6,C,Physical Education,FRIDAY,3,09:40,10:20,DDEC-6C-P3
CURRENT,UPSERT,PHONE,9825510006,Class 6,C,Mathematics,FRIDAY,4,10:35,11:15,DDEC-6C-P4
CURRENT,UPSERT,PHONE,9825510006,Class 6,C,English,FRIDAY,5,11:30,12:10,DDEC-6C-P5
CURRENT,UPSERT,PHONE,9825510006,Class 6,C,Hindi,FRIDAY,6,12:20,13:00,DDEC-6C-P6
CURRENT,UPSERT,PHONE,9825510006,Class 6,C,Science,FRIDAY,7,13:10,13:50,DDEC-6C-P7
CURRENT,UPSERT,PHONE,9825510006,Class 6,C,Computer Science,SATURDAY,1,08:00,08:40,DDEC-6C-P1
CURRENT,UPSERT,PHONE,9825510006,Class 6,C,Physical Education,SATURDAY,2,08:45,09:25,DDEC-6C-P2
CURRENT,UPSERT,PHONE,9825510006,Class 6,C,Mathematics,SATURDAY,3,09:40,10:20,DDEC-6C-P3
CURRENT,UPSERT,PHONE,9825510006,Class 6,C,English,SATURDAY,4,10:35,11:15,DDEC-6C-P4
CURRENT,UPSERT,PHONE,9825510006,Class 6,C,Hindi,SATURDAY,5,11:30,12:10,DDEC-6C-P5
CURRENT,UPSERT,PHONE,9825510006,Class 6,C,Science,SATURDAY,6,12:20,13:00,DDEC-6C-P6
CURRENT,UPSERT,PHONE,9825510006,Class 6,C,Social Science,SATURDAY,7,13:10,13:50,DDEC-6C-P7
CURRENT,UPSERT,PHONE,9825510007,Class 7,A,Mathematics,MONDAY,1,08:00,08:40,DDEC-7A-P1
CURRENT,UPSERT,PHONE,9825510007,Class 7,A,English,MONDAY,2,08:45,09:25,DDEC-7A-P2
CURRENT,UPSERT,PHONE,9825510007,Class 7,A,Hindi,MONDAY,3,09:40,10:20,DDEC-7A-P3
CURRENT,UPSERT,PHONE,9825510007,Class 7,A,Science,MONDAY,4,10:35,11:15,DDEC-7A-P4
CURRENT,UPSERT,PHONE,9825510007,Class 7,A,Social Science,MONDAY,5,11:30,12:10,DDEC-7A-P5
CURRENT,UPSERT,PHONE,9825510007,Class 7,A,Computer Science,MONDAY,6,12:20,13:00,DDEC-7A-P6
CURRENT,UPSERT,PHONE,9825510007,Class 7,A,Physical Education,MONDAY,7,13:10,13:50,DDEC-7A-P7
CURRENT,UPSERT,PHONE,9825510007,Class 7,A,English,TUESDAY,1,08:00,08:40,DDEC-7A-P1
CURRENT,UPSERT,PHONE,9825510007,Class 7,A,Hindi,TUESDAY,2,08:45,09:25,DDEC-7A-P2
CURRENT,UPSERT,PHONE,9825510007,Class 7,A,Science,TUESDAY,3,09:40,10:20,DDEC-7A-P3
CURRENT,UPSERT,PHONE,9825510007,Class 7,A,Social Science,TUESDAY,4,10:35,11:15,DDEC-7A-P4
CURRENT,UPSERT,PHONE,9825510007,Class 7,A,Computer Science,TUESDAY,5,11:30,12:10,DDEC-7A-P5
CURRENT,UPSERT,PHONE,9825510007,Class 7,A,Physical Education,TUESDAY,6,12:20,13:00,DDEC-7A-P6
CURRENT,UPSERT,PHONE,9825510007,Class 7,A,Mathematics,TUESDAY,7,13:10,13:50,DDEC-7A-P7
CURRENT,UPSERT,PHONE,9825510007,Class 7,A,Hindi,WEDNESDAY,1,08:00,08:40,DDEC-7A-P1
CURRENT,UPSERT,PHONE,9825510007,Class 7,A,Science,WEDNESDAY,2,08:45,09:25,DDEC-7A-P2
CURRENT,UPSERT,PHONE,9825510007,Class 7,A,Social Science,WEDNESDAY,3,09:40,10:20,DDEC-7A-P3
CURRENT,UPSERT,PHONE,9825510007,Class 7,A,Computer Science,WEDNESDAY,4,10:35,11:15,DDEC-7A-P4
CURRENT,UPSERT,PHONE,9825510007,Class 7,A,Physical Education,WEDNESDAY,5,11:30,12:10,DDEC-7A-P5
CURRENT,UPSERT,PHONE,9825510007,Class 7,A,Mathematics,WEDNESDAY,6,12:20,13:00,DDEC-7A-P6
CURRENT,UPSERT,PHONE,9825510007,Class 7,A,English,WEDNESDAY,7,13:10,13:50,DDEC-7A-P7
CURRENT,UPSERT,PHONE,9825510007,Class 7,A,Science,THURSDAY,1,08:00,08:40,DDEC-7A-P1
CURRENT,UPSERT,PHONE,9825510007,Class 7,A,Social Science,THURSDAY,2,08:45,09:25,DDEC-7A-P2
CURRENT,UPSERT,PHONE,9825510007,Class 7,A,Computer Science,THURSDAY,3,09:40,10:20,DDEC-7A-P3
CURRENT,UPSERT,PHONE,9825510007,Class 7,A,Physical Education,THURSDAY,4,10:35,11:15,DDEC-7A-P4
CURRENT,UPSERT,PHONE,9825510007,Class 7,A,Mathematics,THURSDAY,5,11:30,12:10,DDEC-7A-P5
CURRENT,UPSERT,PHONE,9825510007,Class 7,A,English,THURSDAY,6,12:20,13:00,DDEC-7A-P6
CURRENT,UPSERT,PHONE,9825510007,Class 7,A,Hindi,THURSDAY,7,13:10,13:50,DDEC-7A-P7
CURRENT,UPSERT,PHONE,9825510007,Class 7,A,Social Science,FRIDAY,1,08:00,08:40,DDEC-7A-P1
CURRENT,UPSERT,PHONE,9825510007,Class 7,A,Computer Science,FRIDAY,2,08:45,09:25,DDEC-7A-P2
CURRENT,UPSERT,PHONE,9825510007,Class 7,A,Physical Education,FRIDAY,3,09:40,10:20,DDEC-7A-P3
CURRENT,UPSERT,PHONE,9825510007,Class 7,A,Mathematics,FRIDAY,4,10:35,11:15,DDEC-7A-P4
CURRENT,UPSERT,PHONE,9825510007,Class 7,A,English,FRIDAY,5,11:30,12:10,DDEC-7A-P5
CURRENT,UPSERT,PHONE,9825510007,Class 7,A,Hindi,FRIDAY,6,12:20,13:00,DDEC-7A-P6
CURRENT,UPSERT,PHONE,9825510007,Class 7,A,Science,FRIDAY,7,13:10,13:50,DDEC-7A-P7
CURRENT,UPSERT,PHONE,9825510007,Class 7,A,Computer Science,SATURDAY,1,08:00,08:40,DDEC-7A-P1
CURRENT,UPSERT,PHONE,9825510007,Class 7,A,Physical Education,SATURDAY,2,08:45,09:25,DDEC-7A-P2
CURRENT,UPSERT,PHONE,9825510007,Class 7,A,Mathematics,SATURDAY,3,09:40,10:20,DDEC-7A-P3
CURRENT,UPSERT,PHONE,9825510007,Class 7,A,English,SATURDAY,4,10:35,11:15,DDEC-7A-P4
CURRENT,UPSERT,PHONE,9825510007,Class 7,A,Hindi,SATURDAY,5,11:30,12:10,DDEC-7A-P5
CURRENT,UPSERT,PHONE,9825510007,Class 7,A,Science,SATURDAY,6,12:20,13:00,DDEC-7A-P6
CURRENT,UPSERT,PHONE,9825510007,Class 7,A,Social Science,SATURDAY,7,13:10,13:50,DDEC-7A-P7
CURRENT,UPSERT,PHONE,9825510008,Class 7,B,Mathematics,MONDAY,1,08:00,08:40,DDEC-7B-P1
CURRENT,UPSERT,PHONE,9825510008,Class 7,B,English,MONDAY,2,08:45,09:25,DDEC-7B-P2
CURRENT,UPSERT,PHONE,9825510008,Class 7,B,Hindi,MONDAY,3,09:40,10:20,DDEC-7B-P3
CURRENT,UPSERT,PHONE,9825510008,Class 7,B,Science,MONDAY,4,10:35,11:15,DDEC-7B-P4
CURRENT,UPSERT,PHONE,9825510008,Class 7,B,Social Science,MONDAY,5,11:30,12:10,DDEC-7B-P5
CURRENT,UPSERT,PHONE,9825510008,Class 7,B,Computer Science,MONDAY,6,12:20,13:00,DDEC-7B-P6
CURRENT,UPSERT,PHONE,9825510008,Class 7,B,Physical Education,MONDAY,7,13:10,13:50,DDEC-7B-P7
CURRENT,UPSERT,PHONE,9825510008,Class 7,B,English,TUESDAY,1,08:00,08:40,DDEC-7B-P1
CURRENT,UPSERT,PHONE,9825510008,Class 7,B,Hindi,TUESDAY,2,08:45,09:25,DDEC-7B-P2
CURRENT,UPSERT,PHONE,9825510008,Class 7,B,Science,TUESDAY,3,09:40,10:20,DDEC-7B-P3
CURRENT,UPSERT,PHONE,9825510008,Class 7,B,Social Science,TUESDAY,4,10:35,11:15,DDEC-7B-P4
CURRENT,UPSERT,PHONE,9825510008,Class 7,B,Computer Science,TUESDAY,5,11:30,12:10,DDEC-7B-P5
CURRENT,UPSERT,PHONE,9825510008,Class 7,B,Physical Education,TUESDAY,6,12:20,13:00,DDEC-7B-P6
CURRENT,UPSERT,PHONE,9825510008,Class 7,B,Mathematics,TUESDAY,7,13:10,13:50,DDEC-7B-P7
CURRENT,UPSERT,PHONE,9825510008,Class 7,B,Hindi,WEDNESDAY,1,08:00,08:40,DDEC-7B-P1
CURRENT,UPSERT,PHONE,9825510008,Class 7,B,Science,WEDNESDAY,2,08:45,09:25,DDEC-7B-P2
CURRENT,UPSERT,PHONE,9825510008,Class 7,B,Social Science,WEDNESDAY,3,09:40,10:20,DDEC-7B-P3
CURRENT,UPSERT,PHONE,9825510008,Class 7,B,Computer Science,WEDNESDAY,4,10:35,11:15,DDEC-7B-P4
CURRENT,UPSERT,PHONE,9825510008,Class 7,B,Physical Education,WEDNESDAY,5,11:30,12:10,DDEC-7B-P5
CURRENT,UPSERT,PHONE,9825510008,Class 7,B,Mathematics,WEDNESDAY,6,12:20,13:00,DDEC-7B-P6
CURRENT,UPSERT,PHONE,9825510008,Class 7,B,English,WEDNESDAY,7,13:10,13:50,DDEC-7B-P7
CURRENT,UPSERT,PHONE,9825510008,Class 7,B,Science,THURSDAY,1,08:00,08:40,DDEC-7B-P1
CURRENT,UPSERT,PHONE,9825510008,Class 7,B,Social Science,THURSDAY,2,08:45,09:25,DDEC-7B-P2
CURRENT,UPSERT,PHONE,9825510008,Class 7,B,Computer Science,THURSDAY,3,09:40,10:20,DDEC-7B-P3
CURRENT,UPSERT,PHONE,9825510008,Class 7,B,Physical Education,THURSDAY,4,10:35,11:15,DDEC-7B-P4
CURRENT,UPSERT,PHONE,9825510008,Class 7,B,Mathematics,THURSDAY,5,11:30,12:10,DDEC-7B-P5
CURRENT,UPSERT,PHONE,9825510008,Class 7,B,English,THURSDAY,6,12:20,13:00,DDEC-7B-P6
CURRENT,UPSERT,PHONE,9825510008,Class 7,B,Hindi,THURSDAY,7,13:10,13:50,DDEC-7B-P7
CURRENT,UPSERT,PHONE,9825510008,Class 7,B,Social Science,FRIDAY,1,08:00,08:40,DDEC-7B-P1
CURRENT,UPSERT,PHONE,9825510008,Class 7,B,Computer Science,FRIDAY,2,08:45,09:25,DDEC-7B-P2
CURRENT,UPSERT,PHONE,9825510008,Class 7,B,Physical Education,FRIDAY,3,09:40,10:20,DDEC-7B-P3
CURRENT,UPSERT,PHONE,9825510008,Class 7,B,Mathematics,FRIDAY,4,10:35,11:15,DDEC-7B-P4
CURRENT,UPSERT,PHONE,9825510008,Class 7,B,English,FRIDAY,5,11:30,12:10,DDEC-7B-P5
CURRENT,UPSERT,PHONE,9825510008,Class 7,B,Hindi,FRIDAY,6,12:20,13:00,DDEC-7B-P6
CURRENT,UPSERT,PHONE,9825510008,Class 7,B,Science,FRIDAY,7,13:10,13:50,DDEC-7B-P7
CURRENT,UPSERT,PHONE,9825510008,Class 7,B,Computer Science,SATURDAY,1,08:00,08:40,DDEC-7B-P1
CURRENT,UPSERT,PHONE,9825510008,Class 7,B,Physical Education,SATURDAY,2,08:45,09:25,DDEC-7B-P2
CURRENT,UPSERT,PHONE,9825510008,Class 7,B,Mathematics,SATURDAY,3,09:40,10:20,DDEC-7B-P3
CURRENT,UPSERT,PHONE,9825510008,Class 7,B,English,SATURDAY,4,10:35,11:15,DDEC-7B-P4
CURRENT,UPSERT,PHONE,9825510008,Class 7,B,Hindi,SATURDAY,5,11:30,12:10,DDEC-7B-P5
CURRENT,UPSERT,PHONE,9825510008,Class 7,B,Science,SATURDAY,6,12:20,13:00,DDEC-7B-P6
CURRENT,UPSERT,PHONE,9825510008,Class 7,B,Social Science,SATURDAY,7,13:10,13:50,DDEC-7B-P7
CURRENT,UPSERT,PHONE,9825510009,Class 7,C,Mathematics,MONDAY,1,08:00,08:40,DDEC-7C-P1
CURRENT,UPSERT,PHONE,9825510009,Class 7,C,English,MONDAY,2,08:45,09:25,DDEC-7C-P2
CURRENT,UPSERT,PHONE,9825510009,Class 7,C,Hindi,MONDAY,3,09:40,10:20,DDEC-7C-P3
CURRENT,UPSERT,PHONE,9825510009,Class 7,C,Science,MONDAY,4,10:35,11:15,DDEC-7C-P4
CURRENT,UPSERT,PHONE,9825510009,Class 7,C,Social Science,MONDAY,5,11:30,12:10,DDEC-7C-P5
CURRENT,UPSERT,PHONE,9825510009,Class 7,C,Computer Science,MONDAY,6,12:20,13:00,DDEC-7C-P6
CURRENT,UPSERT,PHONE,9825510009,Class 7,C,Physical Education,MONDAY,7,13:10,13:50,DDEC-7C-P7
CURRENT,UPSERT,PHONE,9825510009,Class 7,C,English,TUESDAY,1,08:00,08:40,DDEC-7C-P1
CURRENT,UPSERT,PHONE,9825510009,Class 7,C,Hindi,TUESDAY,2,08:45,09:25,DDEC-7C-P2
CURRENT,UPSERT,PHONE,9825510009,Class 7,C,Science,TUESDAY,3,09:40,10:20,DDEC-7C-P3
CURRENT,UPSERT,PHONE,9825510009,Class 7,C,Social Science,TUESDAY,4,10:35,11:15,DDEC-7C-P4
CURRENT,UPSERT,PHONE,9825510009,Class 7,C,Computer Science,TUESDAY,5,11:30,12:10,DDEC-7C-P5
CURRENT,UPSERT,PHONE,9825510009,Class 7,C,Physical Education,TUESDAY,6,12:20,13:00,DDEC-7C-P6
CURRENT,UPSERT,PHONE,9825510009,Class 7,C,Mathematics,TUESDAY,7,13:10,13:50,DDEC-7C-P7
CURRENT,UPSERT,PHONE,9825510009,Class 7,C,Hindi,WEDNESDAY,1,08:00,08:40,DDEC-7C-P1
CURRENT,UPSERT,PHONE,9825510009,Class 7,C,Science,WEDNESDAY,2,08:45,09:25,DDEC-7C-P2
CURRENT,UPSERT,PHONE,9825510009,Class 7,C,Social Science,WEDNESDAY,3,09:40,10:20,DDEC-7C-P3
CURRENT,UPSERT,PHONE,9825510009,Class 7,C,Computer Science,WEDNESDAY,4,10:35,11:15,DDEC-7C-P4
CURRENT,UPSERT,PHONE,9825510009,Class 7,C,Physical Education,WEDNESDAY,5,11:30,12:10,DDEC-7C-P5
CURRENT,UPSERT,PHONE,9825510009,Class 7,C,Mathematics,WEDNESDAY,6,12:20,13:00,DDEC-7C-P6
CURRENT,UPSERT,PHONE,9825510009,Class 7,C,English,WEDNESDAY,7,13:10,13:50,DDEC-7C-P7
CURRENT,UPSERT,PHONE,9825510009,Class 7,C,Science,THURSDAY,1,08:00,08:40,DDEC-7C-P1
CURRENT,UPSERT,PHONE,9825510009,Class 7,C,Social Science,THURSDAY,2,08:45,09:25,DDEC-7C-P2
CURRENT,UPSERT,PHONE,9825510009,Class 7,C,Computer Science,THURSDAY,3,09:40,10:20,DDEC-7C-P3
CURRENT,UPSERT,PHONE,9825510009,Class 7,C,Physical Education,THURSDAY,4,10:35,11:15,DDEC-7C-P4
CURRENT,UPSERT,PHONE,9825510009,Class 7,C,Mathematics,THURSDAY,5,11:30,12:10,DDEC-7C-P5
CURRENT,UPSERT,PHONE,9825510009,Class 7,C,English,THURSDAY,6,12:20,13:00,DDEC-7C-P6
CURRENT,UPSERT,PHONE,9825510009,Class 7,C,Hindi,THURSDAY,7,13:10,13:50,DDEC-7C-P7
CURRENT,UPSERT,PHONE,9825510009,Class 7,C,Social Science,FRIDAY,1,08:00,08:40,DDEC-7C-P1
CURRENT,UPSERT,PHONE,9825510009,Class 7,C,Computer Science,FRIDAY,2,08:45,09:25,DDEC-7C-P2
CURRENT,UPSERT,PHONE,9825510009,Class 7,C,Physical Education,FRIDAY,3,09:40,10:20,DDEC-7C-P3
CURRENT,UPSERT,PHONE,9825510009,Class 7,C,Mathematics,FRIDAY,4,10:35,11:15,DDEC-7C-P4
CURRENT,UPSERT,PHONE,9825510009,Class 7,C,English,FRIDAY,5,11:30,12:10,DDEC-7C-P5
CURRENT,UPSERT,PHONE,9825510009,Class 7,C,Hindi,FRIDAY,6,12:20,13:00,DDEC-7C-P6
CURRENT,UPSERT,PHONE,9825510009,Class 7,C,Science,FRIDAY,7,13:10,13:50,DDEC-7C-P7
CURRENT,UPSERT,PHONE,9825510009,Class 7,C,Computer Science,SATURDAY,1,08:00,08:40,DDEC-7C-P1
CURRENT,UPSERT,PHONE,9825510009,Class 7,C,Physical Education,SATURDAY,2,08:45,09:25,DDEC-7C-P2
CURRENT,UPSERT,PHONE,9825510009,Class 7,C,Mathematics,SATURDAY,3,09:40,10:20,DDEC-7C-P3
CURRENT,UPSERT,PHONE,9825510009,Class 7,C,English,SATURDAY,4,10:35,11:15,DDEC-7C-P4
CURRENT,UPSERT,PHONE,9825510009,Class 7,C,Hindi,SATURDAY,5,11:30,12:10,DDEC-7C-P5
CURRENT,UPSERT,PHONE,9825510009,Class 7,C,Science,SATURDAY,6,12:20,13:00,DDEC-7C-P6
CURRENT,UPSERT,PHONE,9825510009,Class 7,C,Social Science,SATURDAY,7,13:10,13:50,DDEC-7C-P7
CURRENT,UPSERT,PHONE,9825510010,Class 8,A,Mathematics,MONDAY,1,08:00,08:40,DDEC-8A-P1
CURRENT,UPSERT,PHONE,9825510010,Class 8,A,English,MONDAY,2,08:45,09:25,DDEC-8A-P2
CURRENT,UPSERT,PHONE,9825510010,Class 8,A,Hindi,MONDAY,3,09:40,10:20,DDEC-8A-P3
CURRENT,UPSERT,PHONE,9825510010,Class 8,A,Science,MONDAY,4,10:35,11:15,DDEC-8A-P4
CURRENT,UPSERT,PHONE,9825510010,Class 8,A,Social Science,MONDAY,5,11:30,12:10,DDEC-8A-P5
CURRENT,UPSERT,PHONE,9825510010,Class 8,A,Computer Science,MONDAY,6,12:20,13:00,DDEC-8A-P6
CURRENT,UPSERT,PHONE,9825510010,Class 8,A,Physical Education,MONDAY,7,13:10,13:50,DDEC-8A-P7
CURRENT,UPSERT,PHONE,9825510010,Class 8,A,English,TUESDAY,1,08:00,08:40,DDEC-8A-P1
CURRENT,UPSERT,PHONE,9825510010,Class 8,A,Hindi,TUESDAY,2,08:45,09:25,DDEC-8A-P2
CURRENT,UPSERT,PHONE,9825510010,Class 8,A,Science,TUESDAY,3,09:40,10:20,DDEC-8A-P3
CURRENT,UPSERT,PHONE,9825510010,Class 8,A,Social Science,TUESDAY,4,10:35,11:15,DDEC-8A-P4
CURRENT,UPSERT,PHONE,9825510010,Class 8,A,Computer Science,TUESDAY,5,11:30,12:10,DDEC-8A-P5
CURRENT,UPSERT,PHONE,9825510010,Class 8,A,Physical Education,TUESDAY,6,12:20,13:00,DDEC-8A-P6
CURRENT,UPSERT,PHONE,9825510010,Class 8,A,Mathematics,TUESDAY,7,13:10,13:50,DDEC-8A-P7
CURRENT,UPSERT,PHONE,9825510010,Class 8,A,Hindi,WEDNESDAY,1,08:00,08:40,DDEC-8A-P1
CURRENT,UPSERT,PHONE,9825510010,Class 8,A,Science,WEDNESDAY,2,08:45,09:25,DDEC-8A-P2
CURRENT,UPSERT,PHONE,9825510010,Class 8,A,Social Science,WEDNESDAY,3,09:40,10:20,DDEC-8A-P3
CURRENT,UPSERT,PHONE,9825510010,Class 8,A,Computer Science,WEDNESDAY,4,10:35,11:15,DDEC-8A-P4
CURRENT,UPSERT,PHONE,9825510010,Class 8,A,Physical Education,WEDNESDAY,5,11:30,12:10,DDEC-8A-P5
CURRENT,UPSERT,PHONE,9825510010,Class 8,A,Mathematics,WEDNESDAY,6,12:20,13:00,DDEC-8A-P6
CURRENT,UPSERT,PHONE,9825510010,Class 8,A,English,WEDNESDAY,7,13:10,13:50,DDEC-8A-P7
CURRENT,UPSERT,PHONE,9825510010,Class 8,A,Science,THURSDAY,1,08:00,08:40,DDEC-8A-P1
CURRENT,UPSERT,PHONE,9825510010,Class 8,A,Social Science,THURSDAY,2,08:45,09:25,DDEC-8A-P2
CURRENT,UPSERT,PHONE,9825510010,Class 8,A,Computer Science,THURSDAY,3,09:40,10:20,DDEC-8A-P3
CURRENT,UPSERT,PHONE,9825510010,Class 8,A,Physical Education,THURSDAY,4,10:35,11:15,DDEC-8A-P4
CURRENT,UPSERT,PHONE,9825510010,Class 8,A,Mathematics,THURSDAY,5,11:30,12:10,DDEC-8A-P5
CURRENT,UPSERT,PHONE,9825510010,Class 8,A,English,THURSDAY,6,12:20,13:00,DDEC-8A-P6
CURRENT,UPSERT,PHONE,9825510010,Class 8,A,Hindi,THURSDAY,7,13:10,13:50,DDEC-8A-P7
CURRENT,UPSERT,PHONE,9825510010,Class 8,A,Social Science,FRIDAY,1,08:00,08:40,DDEC-8A-P1
CURRENT,UPSERT,PHONE,9825510010,Class 8,A,Computer Science,FRIDAY,2,08:45,09:25,DDEC-8A-P2
CURRENT,UPSERT,PHONE,9825510010,Class 8,A,Physical Education,FRIDAY,3,09:40,10:20,DDEC-8A-P3
CURRENT,UPSERT,PHONE,9825510010,Class 8,A,Mathematics,FRIDAY,4,10:35,11:15,DDEC-8A-P4
CURRENT,UPSERT,PHONE,9825510010,Class 8,A,English,FRIDAY,5,11:30,12:10,DDEC-8A-P5
CURRENT,UPSERT,PHONE,9825510010,Class 8,A,Hindi,FRIDAY,6,12:20,13:00,DDEC-8A-P6
CURRENT,UPSERT,PHONE,9825510010,Class 8,A,Science,FRIDAY,7,13:10,13:50,DDEC-8A-P7
CURRENT,UPSERT,PHONE,9825510010,Class 8,A,Computer Science,SATURDAY,1,08:00,08:40,DDEC-8A-P1
CURRENT,UPSERT,PHONE,9825510010,Class 8,A,Physical Education,SATURDAY,2,08:45,09:25,DDEC-8A-P2
CURRENT,UPSERT,PHONE,9825510010,Class 8,A,Mathematics,SATURDAY,3,09:40,10:20,DDEC-8A-P3
CURRENT,UPSERT,PHONE,9825510010,Class 8,A,English,SATURDAY,4,10:35,11:15,DDEC-8A-P4
CURRENT,UPSERT,PHONE,9825510010,Class 8,A,Hindi,SATURDAY,5,11:30,12:10,DDEC-8A-P5
CURRENT,UPSERT,PHONE,9825510010,Class 8,A,Science,SATURDAY,6,12:20,13:00,DDEC-8A-P6
CURRENT,UPSERT,PHONE,9825510010,Class 8,A,Social Science,SATURDAY,7,13:10,13:50,DDEC-8A-P7
CURRENT,UPSERT,PHONE,9825510011,Class 8,B,Mathematics,MONDAY,1,08:00,08:40,DDEC-8B-P1
CURRENT,UPSERT,PHONE,9825510011,Class 8,B,English,MONDAY,2,08:45,09:25,DDEC-8B-P2
CURRENT,UPSERT,PHONE,9825510011,Class 8,B,Hindi,MONDAY,3,09:40,10:20,DDEC-8B-P3
CURRENT,UPSERT,PHONE,9825510011,Class 8,B,Science,MONDAY,4,10:35,11:15,DDEC-8B-P4
CURRENT,UPSERT,PHONE,9825510011,Class 8,B,Social Science,MONDAY,5,11:30,12:10,DDEC-8B-P5
CURRENT,UPSERT,PHONE,9825510011,Class 8,B,Computer Science,MONDAY,6,12:20,13:00,DDEC-8B-P6
CURRENT,UPSERT,PHONE,9825510011,Class 8,B,Physical Education,MONDAY,7,13:10,13:50,DDEC-8B-P7
CURRENT,UPSERT,PHONE,9825510011,Class 8,B,English,TUESDAY,1,08:00,08:40,DDEC-8B-P1
CURRENT,UPSERT,PHONE,9825510011,Class 8,B,Hindi,TUESDAY,2,08:45,09:25,DDEC-8B-P2
CURRENT,UPSERT,PHONE,9825510011,Class 8,B,Science,TUESDAY,3,09:40,10:20,DDEC-8B-P3
CURRENT,UPSERT,PHONE,9825510011,Class 8,B,Social Science,TUESDAY,4,10:35,11:15,DDEC-8B-P4
CURRENT,UPSERT,PHONE,9825510011,Class 8,B,Computer Science,TUESDAY,5,11:30,12:10,DDEC-8B-P5
CURRENT,UPSERT,PHONE,9825510011,Class 8,B,Physical Education,TUESDAY,6,12:20,13:00,DDEC-8B-P6
CURRENT,UPSERT,PHONE,9825510011,Class 8,B,Mathematics,TUESDAY,7,13:10,13:50,DDEC-8B-P7
CURRENT,UPSERT,PHONE,9825510011,Class 8,B,Hindi,WEDNESDAY,1,08:00,08:40,DDEC-8B-P1
CURRENT,UPSERT,PHONE,9825510011,Class 8,B,Science,WEDNESDAY,2,08:45,09:25,DDEC-8B-P2
CURRENT,UPSERT,PHONE,9825510011,Class 8,B,Social Science,WEDNESDAY,3,09:40,10:20,DDEC-8B-P3
CURRENT,UPSERT,PHONE,9825510011,Class 8,B,Computer Science,WEDNESDAY,4,10:35,11:15,DDEC-8B-P4
CURRENT,UPSERT,PHONE,9825510011,Class 8,B,Physical Education,WEDNESDAY,5,11:30,12:10,DDEC-8B-P5
CURRENT,UPSERT,PHONE,9825510011,Class 8,B,Mathematics,WEDNESDAY,6,12:20,13:00,DDEC-8B-P6
CURRENT,UPSERT,PHONE,9825510011,Class 8,B,English,WEDNESDAY,7,13:10,13:50,DDEC-8B-P7
CURRENT,UPSERT,PHONE,9825510011,Class 8,B,Science,THURSDAY,1,08:00,08:40,DDEC-8B-P1
CURRENT,UPSERT,PHONE,9825510011,Class 8,B,Social Science,THURSDAY,2,08:45,09:25,DDEC-8B-P2
CURRENT,UPSERT,PHONE,9825510011,Class 8,B,Computer Science,THURSDAY,3,09:40,10:20,DDEC-8B-P3
CURRENT,UPSERT,PHONE,9825510011,Class 8,B,Physical Education,THURSDAY,4,10:35,11:15,DDEC-8B-P4
CURRENT,UPSERT,PHONE,9825510011,Class 8,B,Mathematics,THURSDAY,5,11:30,12:10,DDEC-8B-P5
CURRENT,UPSERT,PHONE,9825510011,Class 8,B,English,THURSDAY,6,12:20,13:00,DDEC-8B-P6
CURRENT,UPSERT,PHONE,9825510011,Class 8,B,Hindi,THURSDAY,7,13:10,13:50,DDEC-8B-P7
CURRENT,UPSERT,PHONE,9825510011,Class 8,B,Social Science,FRIDAY,1,08:00,08:40,DDEC-8B-P1
CURRENT,UPSERT,PHONE,9825510011,Class 8,B,Computer Science,FRIDAY,2,08:45,09:25,DDEC-8B-P2
CURRENT,UPSERT,PHONE,9825510011,Class 8,B,Physical Education,FRIDAY,3,09:40,10:20,DDEC-8B-P3
CURRENT,UPSERT,PHONE,9825510011,Class 8,B,Mathematics,FRIDAY,4,10:35,11:15,DDEC-8B-P4
CURRENT,UPSERT,PHONE,9825510011,Class 8,B,English,FRIDAY,5,11:30,12:10,DDEC-8B-P5
CURRENT,UPSERT,PHONE,9825510011,Class 8,B,Hindi,FRIDAY,6,12:20,13:00,DDEC-8B-P6
CURRENT,UPSERT,PHONE,9825510011,Class 8,B,Science,FRIDAY,7,13:10,13:50,DDEC-8B-P7
CURRENT,UPSERT,PHONE,9825510011,Class 8,B,Computer Science,SATURDAY,1,08:00,08:40,DDEC-8B-P1
CURRENT,UPSERT,PHONE,9825510011,Class 8,B,Physical Education,SATURDAY,2,08:45,09:25,DDEC-8B-P2
CURRENT,UPSERT,PHONE,9825510011,Class 8,B,Mathematics,SATURDAY,3,09:40,10:20,DDEC-8B-P3
CURRENT,UPSERT,PHONE,9825510011,Class 8,B,English,SATURDAY,4,10:35,11:15,DDEC-8B-P4
CURRENT,UPSERT,PHONE,9825510011,Class 8,B,Hindi,SATURDAY,5,11:30,12:10,DDEC-8B-P5
CURRENT,UPSERT,PHONE,9825510011,Class 8,B,Science,SATURDAY,6,12:20,13:00,DDEC-8B-P6
CURRENT,UPSERT,PHONE,9825510011,Class 8,B,Social Science,SATURDAY,7,13:10,13:50,DDEC-8B-P7
CURRENT,UPSERT,PHONE,9825510012,Class 8,C,Mathematics,MONDAY,1,08:00,08:40,DDEC-8C-P1
CURRENT,UPSERT,PHONE,9825510012,Class 8,C,English,MONDAY,2,08:45,09:25,DDEC-8C-P2
CURRENT,UPSERT,PHONE,9825510012,Class 8,C,Hindi,MONDAY,3,09:40,10:20,DDEC-8C-P3
CURRENT,UPSERT,PHONE,9825510012,Class 8,C,Science,MONDAY,4,10:35,11:15,DDEC-8C-P4
CURRENT,UPSERT,PHONE,9825510012,Class 8,C,Social Science,MONDAY,5,11:30,12:10,DDEC-8C-P5
CURRENT,UPSERT,PHONE,9825510012,Class 8,C,Computer Science,MONDAY,6,12:20,13:00,DDEC-8C-P6
CURRENT,UPSERT,PHONE,9825510012,Class 8,C,Physical Education,MONDAY,7,13:10,13:50,DDEC-8C-P7
CURRENT,UPSERT,PHONE,9825510012,Class 8,C,English,TUESDAY,1,08:00,08:40,DDEC-8C-P1
CURRENT,UPSERT,PHONE,9825510012,Class 8,C,Hindi,TUESDAY,2,08:45,09:25,DDEC-8C-P2
CURRENT,UPSERT,PHONE,9825510012,Class 8,C,Science,TUESDAY,3,09:40,10:20,DDEC-8C-P3
CURRENT,UPSERT,PHONE,9825510012,Class 8,C,Social Science,TUESDAY,4,10:35,11:15,DDEC-8C-P4
CURRENT,UPSERT,PHONE,9825510012,Class 8,C,Computer Science,TUESDAY,5,11:30,12:10,DDEC-8C-P5
CURRENT,UPSERT,PHONE,9825510012,Class 8,C,Physical Education,TUESDAY,6,12:20,13:00,DDEC-8C-P6
CURRENT,UPSERT,PHONE,9825510012,Class 8,C,Mathematics,TUESDAY,7,13:10,13:50,DDEC-8C-P7
CURRENT,UPSERT,PHONE,9825510012,Class 8,C,Hindi,WEDNESDAY,1,08:00,08:40,DDEC-8C-P1
CURRENT,UPSERT,PHONE,9825510012,Class 8,C,Science,WEDNESDAY,2,08:45,09:25,DDEC-8C-P2
CURRENT,UPSERT,PHONE,9825510012,Class 8,C,Social Science,WEDNESDAY,3,09:40,10:20,DDEC-8C-P3
CURRENT,UPSERT,PHONE,9825510012,Class 8,C,Computer Science,WEDNESDAY,4,10:35,11:15,DDEC-8C-P4
CURRENT,UPSERT,PHONE,9825510012,Class 8,C,Physical Education,WEDNESDAY,5,11:30,12:10,DDEC-8C-P5
CURRENT,UPSERT,PHONE,9825510012,Class 8,C,Mathematics,WEDNESDAY,6,12:20,13:00,DDEC-8C-P6
CURRENT,UPSERT,PHONE,9825510012,Class 8,C,English,WEDNESDAY,7,13:10,13:50,DDEC-8C-P7
CURRENT,UPSERT,PHONE,9825510012,Class 8,C,Science,THURSDAY,1,08:00,08:40,DDEC-8C-P1
CURRENT,UPSERT,PHONE,9825510012,Class 8,C,Social Science,THURSDAY,2,08:45,09:25,DDEC-8C-P2
CURRENT,UPSERT,PHONE,9825510012,Class 8,C,Computer Science,THURSDAY,3,09:40,10:20,DDEC-8C-P3
CURRENT,UPSERT,PHONE,9825510012,Class 8,C,Physical Education,THURSDAY,4,10:35,11:15,DDEC-8C-P4
CURRENT,UPSERT,PHONE,9825510012,Class 8,C,Mathematics,THURSDAY,5,11:30,12:10,DDEC-8C-P5
CURRENT,UPSERT,PHONE,9825510012,Class 8,C,English,THURSDAY,6,12:20,13:00,DDEC-8C-P6
CURRENT,UPSERT,PHONE,9825510012,Class 8,C,Hindi,THURSDAY,7,13:10,13:50,DDEC-8C-P7
CURRENT,UPSERT,PHONE,9825510012,Class 8,C,Social Science,FRIDAY,1,08:00,08:40,DDEC-8C-P1
CURRENT,UPSERT,PHONE,9825510012,Class 8,C,Computer Science,FRIDAY,2,08:45,09:25,DDEC-8C-P2
CURRENT,UPSERT,PHONE,9825510012,Class 8,C,Physical Education,FRIDAY,3,09:40,10:20,DDEC-8C-P3
CURRENT,UPSERT,PHONE,9825510012,Class 8,C,Mathematics,FRIDAY,4,10:35,11:15,DDEC-8C-P4
CURRENT,UPSERT,PHONE,9825510012,Class 8,C,English,FRIDAY,5,11:30,12:10,DDEC-8C-P5
CURRENT,UPSERT,PHONE,9825510012,Class 8,C,Hindi,FRIDAY,6,12:20,13:00,DDEC-8C-P6
CURRENT,UPSERT,PHONE,9825510012,Class 8,C,Science,FRIDAY,7,13:10,13:50,DDEC-8C-P7
CURRENT,UPSERT,PHONE,9825510012,Class 8,C,Computer Science,SATURDAY,1,08:00,08:40,DDEC-8C-P1
CURRENT,UPSERT,PHONE,9825510012,Class 8,C,Physical Education,SATURDAY,2,08:45,09:25,DDEC-8C-P2
CURRENT,UPSERT,PHONE,9825510012,Class 8,C,Mathematics,SATURDAY,3,09:40,10:20,DDEC-8C-P3
CURRENT,UPSERT,PHONE,9825510012,Class 8,C,English,SATURDAY,4,10:35,11:15,DDEC-8C-P4
CURRENT,UPSERT,PHONE,9825510012,Class 8,C,Hindi,SATURDAY,5,11:30,12:10,DDEC-8C-P5
CURRENT,UPSERT,PHONE,9825510012,Class 8,C,Science,SATURDAY,6,12:20,13:00,DDEC-8C-P6
CURRENT,UPSERT,PHONE,9825510012,Class 8,C,Social Science,SATURDAY,7,13:10,13:50,DDEC-8C-P7
CURRENT,UPSERT,PHONE,9825510013,Class 9,A,Mathematics,MONDAY,1,08:00,08:40,DDEC-9A-P1
CURRENT,UPSERT,PHONE,9825510013,Class 9,A,English,MONDAY,2,08:45,09:25,DDEC-9A-P2
CURRENT,UPSERT,PHONE,9825510013,Class 9,A,Hindi,MONDAY,3,09:40,10:20,DDEC-9A-P3
CURRENT,UPSERT,PHONE,9825510013,Class 9,A,Science,MONDAY,4,10:35,11:15,DDEC-9A-P4
CURRENT,UPSERT,PHONE,9825510013,Class 9,A,Social Science,MONDAY,5,11:30,12:10,DDEC-9A-P5
CURRENT,UPSERT,PHONE,9825510013,Class 9,A,Computer Science,MONDAY,6,12:20,13:00,DDEC-9A-P6
CURRENT,UPSERT,PHONE,9825510013,Class 9,A,Physical Education,MONDAY,7,13:10,13:50,DDEC-9A-P7
CURRENT,UPSERT,PHONE,9825510013,Class 9,A,English,TUESDAY,1,08:00,08:40,DDEC-9A-P1
CURRENT,UPSERT,PHONE,9825510013,Class 9,A,Hindi,TUESDAY,2,08:45,09:25,DDEC-9A-P2
CURRENT,UPSERT,PHONE,9825510013,Class 9,A,Science,TUESDAY,3,09:40,10:20,DDEC-9A-P3
CURRENT,UPSERT,PHONE,9825510013,Class 9,A,Social Science,TUESDAY,4,10:35,11:15,DDEC-9A-P4
CURRENT,UPSERT,PHONE,9825510013,Class 9,A,Computer Science,TUESDAY,5,11:30,12:10,DDEC-9A-P5
CURRENT,UPSERT,PHONE,9825510013,Class 9,A,Physical Education,TUESDAY,6,12:20,13:00,DDEC-9A-P6
CURRENT,UPSERT,PHONE,9825510013,Class 9,A,Mathematics,TUESDAY,7,13:10,13:50,DDEC-9A-P7
CURRENT,UPSERT,PHONE,9825510013,Class 9,A,Hindi,WEDNESDAY,1,08:00,08:40,DDEC-9A-P1
CURRENT,UPSERT,PHONE,9825510013,Class 9,A,Science,WEDNESDAY,2,08:45,09:25,DDEC-9A-P2
CURRENT,UPSERT,PHONE,9825510013,Class 9,A,Social Science,WEDNESDAY,3,09:40,10:20,DDEC-9A-P3
CURRENT,UPSERT,PHONE,9825510013,Class 9,A,Computer Science,WEDNESDAY,4,10:35,11:15,DDEC-9A-P4
CURRENT,UPSERT,PHONE,9825510013,Class 9,A,Physical Education,WEDNESDAY,5,11:30,12:10,DDEC-9A-P5
CURRENT,UPSERT,PHONE,9825510013,Class 9,A,Mathematics,WEDNESDAY,6,12:20,13:00,DDEC-9A-P6
CURRENT,UPSERT,PHONE,9825510013,Class 9,A,English,WEDNESDAY,7,13:10,13:50,DDEC-9A-P7
CURRENT,UPSERT,PHONE,9825510013,Class 9,A,Science,THURSDAY,1,08:00,08:40,DDEC-9A-P1
CURRENT,UPSERT,PHONE,9825510013,Class 9,A,Social Science,THURSDAY,2,08:45,09:25,DDEC-9A-P2
CURRENT,UPSERT,PHONE,9825510013,Class 9,A,Computer Science,THURSDAY,3,09:40,10:20,DDEC-9A-P3
CURRENT,UPSERT,PHONE,9825510013,Class 9,A,Physical Education,THURSDAY,4,10:35,11:15,DDEC-9A-P4
CURRENT,UPSERT,PHONE,9825510013,Class 9,A,Mathematics,THURSDAY,5,11:30,12:10,DDEC-9A-P5
CURRENT,UPSERT,PHONE,9825510013,Class 9,A,English,THURSDAY,6,12:20,13:00,DDEC-9A-P6
CURRENT,UPSERT,PHONE,9825510013,Class 9,A,Hindi,THURSDAY,7,13:10,13:50,DDEC-9A-P7
CURRENT,UPSERT,PHONE,9825510013,Class 9,A,Social Science,FRIDAY,1,08:00,08:40,DDEC-9A-P1
CURRENT,UPSERT,PHONE,9825510013,Class 9,A,Computer Science,FRIDAY,2,08:45,09:25,DDEC-9A-P2
CURRENT,UPSERT,PHONE,9825510013,Class 9,A,Physical Education,FRIDAY,3,09:40,10:20,DDEC-9A-P3
CURRENT,UPSERT,PHONE,9825510013,Class 9,A,Mathematics,FRIDAY,4,10:35,11:15,DDEC-9A-P4
CURRENT,UPSERT,PHONE,9825510013,Class 9,A,English,FRIDAY,5,11:30,12:10,DDEC-9A-P5
CURRENT,UPSERT,PHONE,9825510013,Class 9,A,Hindi,FRIDAY,6,12:20,13:00,DDEC-9A-P6
CURRENT,UPSERT,PHONE,9825510013,Class 9,A,Science,FRIDAY,7,13:10,13:50,DDEC-9A-P7
CURRENT,UPSERT,PHONE,9825510013,Class 9,A,Computer Science,SATURDAY,1,08:00,08:40,DDEC-9A-P1
CURRENT,UPSERT,PHONE,9825510013,Class 9,A,Physical Education,SATURDAY,2,08:45,09:25,DDEC-9A-P2
CURRENT,UPSERT,PHONE,9825510013,Class 9,A,Mathematics,SATURDAY,3,09:40,10:20,DDEC-9A-P3
CURRENT,UPSERT,PHONE,9825510013,Class 9,A,English,SATURDAY,4,10:35,11:15,DDEC-9A-P4
CURRENT,UPSERT,PHONE,9825510013,Class 9,A,Hindi,SATURDAY,5,11:30,12:10,DDEC-9A-P5
CURRENT,UPSERT,PHONE,9825510013,Class 9,A,Science,SATURDAY,6,12:20,13:00,DDEC-9A-P6
CURRENT,UPSERT,PHONE,9825510013,Class 9,A,Social Science,SATURDAY,7,13:10,13:50,DDEC-9A-P7
CURRENT,UPSERT,PHONE,9825510014,Class 9,B,Mathematics,MONDAY,1,08:00,08:40,DDEC-9B-P1
CURRENT,UPSERT,PHONE,9825510014,Class 9,B,English,MONDAY,2,08:45,09:25,DDEC-9B-P2
CURRENT,UPSERT,PHONE,9825510014,Class 9,B,Hindi,MONDAY,3,09:40,10:20,DDEC-9B-P3
CURRENT,UPSERT,PHONE,9825510014,Class 9,B,Science,MONDAY,4,10:35,11:15,DDEC-9B-P4
CURRENT,UPSERT,PHONE,9825510014,Class 9,B,Social Science,MONDAY,5,11:30,12:10,DDEC-9B-P5
CURRENT,UPSERT,PHONE,9825510014,Class 9,B,Computer Science,MONDAY,6,12:20,13:00,DDEC-9B-P6
CURRENT,UPSERT,PHONE,9825510014,Class 9,B,Physical Education,MONDAY,7,13:10,13:50,DDEC-9B-P7
CURRENT,UPSERT,PHONE,9825510014,Class 9,B,English,TUESDAY,1,08:00,08:40,DDEC-9B-P1
CURRENT,UPSERT,PHONE,9825510014,Class 9,B,Hindi,TUESDAY,2,08:45,09:25,DDEC-9B-P2
CURRENT,UPSERT,PHONE,9825510014,Class 9,B,Science,TUESDAY,3,09:40,10:20,DDEC-9B-P3
CURRENT,UPSERT,PHONE,9825510014,Class 9,B,Social Science,TUESDAY,4,10:35,11:15,DDEC-9B-P4
CURRENT,UPSERT,PHONE,9825510014,Class 9,B,Computer Science,TUESDAY,5,11:30,12:10,DDEC-9B-P5
CURRENT,UPSERT,PHONE,9825510014,Class 9,B,Physical Education,TUESDAY,6,12:20,13:00,DDEC-9B-P6
CURRENT,UPSERT,PHONE,9825510014,Class 9,B,Mathematics,TUESDAY,7,13:10,13:50,DDEC-9B-P7
CURRENT,UPSERT,PHONE,9825510014,Class 9,B,Hindi,WEDNESDAY,1,08:00,08:40,DDEC-9B-P1
CURRENT,UPSERT,PHONE,9825510014,Class 9,B,Science,WEDNESDAY,2,08:45,09:25,DDEC-9B-P2
CURRENT,UPSERT,PHONE,9825510014,Class 9,B,Social Science,WEDNESDAY,3,09:40,10:20,DDEC-9B-P3
CURRENT,UPSERT,PHONE,9825510014,Class 9,B,Computer Science,WEDNESDAY,4,10:35,11:15,DDEC-9B-P4
CURRENT,UPSERT,PHONE,9825510014,Class 9,B,Physical Education,WEDNESDAY,5,11:30,12:10,DDEC-9B-P5
CURRENT,UPSERT,PHONE,9825510014,Class 9,B,Mathematics,WEDNESDAY,6,12:20,13:00,DDEC-9B-P6
CURRENT,UPSERT,PHONE,9825510014,Class 9,B,English,WEDNESDAY,7,13:10,13:50,DDEC-9B-P7
CURRENT,UPSERT,PHONE,9825510014,Class 9,B,Science,THURSDAY,1,08:00,08:40,DDEC-9B-P1
CURRENT,UPSERT,PHONE,9825510014,Class 9,B,Social Science,THURSDAY,2,08:45,09:25,DDEC-9B-P2
CURRENT,UPSERT,PHONE,9825510014,Class 9,B,Computer Science,THURSDAY,3,09:40,10:20,DDEC-9B-P3
CURRENT,UPSERT,PHONE,9825510014,Class 9,B,Physical Education,THURSDAY,4,10:35,11:15,DDEC-9B-P4
CURRENT,UPSERT,PHONE,9825510014,Class 9,B,Mathematics,THURSDAY,5,11:30,12:10,DDEC-9B-P5
CURRENT,UPSERT,PHONE,9825510014,Class 9,B,English,THURSDAY,6,12:20,13:00,DDEC-9B-P6
CURRENT,UPSERT,PHONE,9825510014,Class 9,B,Hindi,THURSDAY,7,13:10,13:50,DDEC-9B-P7
CURRENT,UPSERT,PHONE,9825510014,Class 9,B,Social Science,FRIDAY,1,08:00,08:40,DDEC-9B-P1
CURRENT,UPSERT,PHONE,9825510014,Class 9,B,Computer Science,FRIDAY,2,08:45,09:25,DDEC-9B-P2
CURRENT,UPSERT,PHONE,9825510014,Class 9,B,Physical Education,FRIDAY,3,09:40,10:20,DDEC-9B-P3
CURRENT,UPSERT,PHONE,9825510014,Class 9,B,Mathematics,FRIDAY,4,10:35,11:15,DDEC-9B-P4
CURRENT,UPSERT,PHONE,9825510014,Class 9,B,English,FRIDAY,5,11:30,12:10,DDEC-9B-P5
CURRENT,UPSERT,PHONE,9825510014,Class 9,B,Hindi,FRIDAY,6,12:20,13:00,DDEC-9B-P6
CURRENT,UPSERT,PHONE,9825510014,Class 9,B,Science,FRIDAY,7,13:10,13:50,DDEC-9B-P7
CURRENT,UPSERT,PHONE,9825510014,Class 9,B,Computer Science,SATURDAY,1,08:00,08:40,DDEC-9B-P1
CURRENT,UPSERT,PHONE,9825510014,Class 9,B,Physical Education,SATURDAY,2,08:45,09:25,DDEC-9B-P2
CURRENT,UPSERT,PHONE,9825510014,Class 9,B,Mathematics,SATURDAY,3,09:40,10:20,DDEC-9B-P3
CURRENT,UPSERT,PHONE,9825510014,Class 9,B,English,SATURDAY,4,10:35,11:15,DDEC-9B-P4
CURRENT,UPSERT,PHONE,9825510014,Class 9,B,Hindi,SATURDAY,5,11:30,12:10,DDEC-9B-P5
CURRENT,UPSERT,PHONE,9825510014,Class 9,B,Science,SATURDAY,6,12:20,13:00,DDEC-9B-P6
CURRENT,UPSERT,PHONE,9825510014,Class 9,B,Social Science,SATURDAY,7,13:10,13:50,DDEC-9B-P7
CURRENT,UPSERT,PHONE,9825510015,Class 9,C,Mathematics,MONDAY,1,08:00,08:40,DDEC-9C-P1
CURRENT,UPSERT,PHONE,9825510015,Class 9,C,English,MONDAY,2,08:45,09:25,DDEC-9C-P2
CURRENT,UPSERT,PHONE,9825510015,Class 9,C,Hindi,MONDAY,3,09:40,10:20,DDEC-9C-P3
CURRENT,UPSERT,PHONE,9825510015,Class 9,C,Science,MONDAY,4,10:35,11:15,DDEC-9C-P4
CURRENT,UPSERT,PHONE,9825510015,Class 9,C,Social Science,MONDAY,5,11:30,12:10,DDEC-9C-P5
CURRENT,UPSERT,PHONE,9825510015,Class 9,C,Computer Science,MONDAY,6,12:20,13:00,DDEC-9C-P6
CURRENT,UPSERT,PHONE,9825510015,Class 9,C,Physical Education,MONDAY,7,13:10,13:50,DDEC-9C-P7
CURRENT,UPSERT,PHONE,9825510015,Class 9,C,English,TUESDAY,1,08:00,08:40,DDEC-9C-P1
CURRENT,UPSERT,PHONE,9825510015,Class 9,C,Hindi,TUESDAY,2,08:45,09:25,DDEC-9C-P2
CURRENT,UPSERT,PHONE,9825510015,Class 9,C,Science,TUESDAY,3,09:40,10:20,DDEC-9C-P3
CURRENT,UPSERT,PHONE,9825510015,Class 9,C,Social Science,TUESDAY,4,10:35,11:15,DDEC-9C-P4
CURRENT,UPSERT,PHONE,9825510015,Class 9,C,Computer Science,TUESDAY,5,11:30,12:10,DDEC-9C-P5
CURRENT,UPSERT,PHONE,9825510015,Class 9,C,Physical Education,TUESDAY,6,12:20,13:00,DDEC-9C-P6
CURRENT,UPSERT,PHONE,9825510015,Class 9,C,Mathematics,TUESDAY,7,13:10,13:50,DDEC-9C-P7
CURRENT,UPSERT,PHONE,9825510015,Class 9,C,Hindi,WEDNESDAY,1,08:00,08:40,DDEC-9C-P1
CURRENT,UPSERT,PHONE,9825510015,Class 9,C,Science,WEDNESDAY,2,08:45,09:25,DDEC-9C-P2
CURRENT,UPSERT,PHONE,9825510015,Class 9,C,Social Science,WEDNESDAY,3,09:40,10:20,DDEC-9C-P3
CURRENT,UPSERT,PHONE,9825510015,Class 9,C,Computer Science,WEDNESDAY,4,10:35,11:15,DDEC-9C-P4
CURRENT,UPSERT,PHONE,9825510015,Class 9,C,Physical Education,WEDNESDAY,5,11:30,12:10,DDEC-9C-P5
CURRENT,UPSERT,PHONE,9825510015,Class 9,C,Mathematics,WEDNESDAY,6,12:20,13:00,DDEC-9C-P6
CURRENT,UPSERT,PHONE,9825510015,Class 9,C,English,WEDNESDAY,7,13:10,13:50,DDEC-9C-P7
CURRENT,UPSERT,PHONE,9825510015,Class 9,C,Science,THURSDAY,1,08:00,08:40,DDEC-9C-P1
CURRENT,UPSERT,PHONE,9825510015,Class 9,C,Social Science,THURSDAY,2,08:45,09:25,DDEC-9C-P2
CURRENT,UPSERT,PHONE,9825510015,Class 9,C,Computer Science,THURSDAY,3,09:40,10:20,DDEC-9C-P3
CURRENT,UPSERT,PHONE,9825510015,Class 9,C,Physical Education,THURSDAY,4,10:35,11:15,DDEC-9C-P4
CURRENT,UPSERT,PHONE,9825510015,Class 9,C,Mathematics,THURSDAY,5,11:30,12:10,DDEC-9C-P5
CURRENT,UPSERT,PHONE,9825510015,Class 9,C,English,THURSDAY,6,12:20,13:00,DDEC-9C-P6
CURRENT,UPSERT,PHONE,9825510015,Class 9,C,Hindi,THURSDAY,7,13:10,13:50,DDEC-9C-P7
CURRENT,UPSERT,PHONE,9825510015,Class 9,C,Social Science,FRIDAY,1,08:00,08:40,DDEC-9C-P1
CURRENT,UPSERT,PHONE,9825510015,Class 9,C,Computer Science,FRIDAY,2,08:45,09:25,DDEC-9C-P2
CURRENT,UPSERT,PHONE,9825510015,Class 9,C,Physical Education,FRIDAY,3,09:40,10:20,DDEC-9C-P3
CURRENT,UPSERT,PHONE,9825510015,Class 9,C,Mathematics,FRIDAY,4,10:35,11:15,DDEC-9C-P4
CURRENT,UPSERT,PHONE,9825510015,Class 9,C,English,FRIDAY,5,11:30,12:10,DDEC-9C-P5
CURRENT,UPSERT,PHONE,9825510015,Class 9,C,Hindi,FRIDAY,6,12:20,13:00,DDEC-9C-P6
CURRENT,UPSERT,PHONE,9825510015,Class 9,C,Science,FRIDAY,7,13:10,13:50,DDEC-9C-P7
CURRENT,UPSERT,PHONE,9825510015,Class 9,C,Computer Science,SATURDAY,1,08:00,08:40,DDEC-9C-P1
CURRENT,UPSERT,PHONE,9825510015,Class 9,C,Physical Education,SATURDAY,2,08:45,09:25,DDEC-9C-P2
CURRENT,UPSERT,PHONE,9825510015,Class 9,C,Mathematics,SATURDAY,3,09:40,10:20,DDEC-9C-P3
CURRENT,UPSERT,PHONE,9825510015,Class 9,C,English,SATURDAY,4,10:35,11:15,DDEC-9C-P4
CURRENT,UPSERT,PHONE,9825510015,Class 9,C,Hindi,SATURDAY,5,11:30,12:10,DDEC-9C-P5
CURRENT,UPSERT,PHONE,9825510015,Class 9,C,Science,SATURDAY,6,12:20,13:00,DDEC-9C-P6
CURRENT,UPSERT,PHONE,9825510015,Class 9,C,Social Science,SATURDAY,7,13:10,13:50,DDEC-9C-P7
CURRENT,UPSERT,PHONE,9825510016,Class 10,A,Mathematics,MONDAY,1,08:00,08:40,DDEC-10A-P1
CURRENT,UPSERT,PHONE,9825510016,Class 10,A,English,MONDAY,2,08:45,09:25,DDEC-10A-P2
CURRENT,UPSERT,PHONE,9825510016,Class 10,A,Hindi,MONDAY,3,09:40,10:20,DDEC-10A-P3
CURRENT,UPSERT,PHONE,9825510016,Class 10,A,Science,MONDAY,4,10:35,11:15,DDEC-10A-P4
CURRENT,UPSERT,PHONE,9825510016,Class 10,A,Social Science,MONDAY,5,11:30,12:10,DDEC-10A-P5
CURRENT,UPSERT,PHONE,9825510016,Class 10,A,Computer Science,MONDAY,6,12:20,13:00,DDEC-10A-P6
CURRENT,UPSERT,PHONE,9825510016,Class 10,A,Physical Education,MONDAY,7,13:10,13:50,DDEC-10A-P7
CURRENT,UPSERT,PHONE,9825510016,Class 10,A,English,TUESDAY,1,08:00,08:40,DDEC-10A-P1
CURRENT,UPSERT,PHONE,9825510016,Class 10,A,Hindi,TUESDAY,2,08:45,09:25,DDEC-10A-P2
CURRENT,UPSERT,PHONE,9825510016,Class 10,A,Science,TUESDAY,3,09:40,10:20,DDEC-10A-P3
CURRENT,UPSERT,PHONE,9825510016,Class 10,A,Social Science,TUESDAY,4,10:35,11:15,DDEC-10A-P4
CURRENT,UPSERT,PHONE,9825510016,Class 10,A,Computer Science,TUESDAY,5,11:30,12:10,DDEC-10A-P5
CURRENT,UPSERT,PHONE,9825510016,Class 10,A,Physical Education,TUESDAY,6,12:20,13:00,DDEC-10A-P6
CURRENT,UPSERT,PHONE,9825510016,Class 10,A,Mathematics,TUESDAY,7,13:10,13:50,DDEC-10A-P7
CURRENT,UPSERT,PHONE,9825510016,Class 10,A,Hindi,WEDNESDAY,1,08:00,08:40,DDEC-10A-P1
CURRENT,UPSERT,PHONE,9825510016,Class 10,A,Science,WEDNESDAY,2,08:45,09:25,DDEC-10A-P2
CURRENT,UPSERT,PHONE,9825510016,Class 10,A,Social Science,WEDNESDAY,3,09:40,10:20,DDEC-10A-P3
CURRENT,UPSERT,PHONE,9825510016,Class 10,A,Computer Science,WEDNESDAY,4,10:35,11:15,DDEC-10A-P4
CURRENT,UPSERT,PHONE,9825510016,Class 10,A,Physical Education,WEDNESDAY,5,11:30,12:10,DDEC-10A-P5
CURRENT,UPSERT,PHONE,9825510016,Class 10,A,Mathematics,WEDNESDAY,6,12:20,13:00,DDEC-10A-P6
CURRENT,UPSERT,PHONE,9825510016,Class 10,A,English,WEDNESDAY,7,13:10,13:50,DDEC-10A-P7
CURRENT,UPSERT,PHONE,9825510016,Class 10,A,Science,THURSDAY,1,08:00,08:40,DDEC-10A-P1
CURRENT,UPSERT,PHONE,9825510016,Class 10,A,Social Science,THURSDAY,2,08:45,09:25,DDEC-10A-P2
CURRENT,UPSERT,PHONE,9825510016,Class 10,A,Computer Science,THURSDAY,3,09:40,10:20,DDEC-10A-P3
CURRENT,UPSERT,PHONE,9825510016,Class 10,A,Physical Education,THURSDAY,4,10:35,11:15,DDEC-10A-P4
CURRENT,UPSERT,PHONE,9825510016,Class 10,A,Mathematics,THURSDAY,5,11:30,12:10,DDEC-10A-P5
CURRENT,UPSERT,PHONE,9825510016,Class 10,A,English,THURSDAY,6,12:20,13:00,DDEC-10A-P6
CURRENT,UPSERT,PHONE,9825510016,Class 10,A,Hindi,THURSDAY,7,13:10,13:50,DDEC-10A-P7
CURRENT,UPSERT,PHONE,9825510016,Class 10,A,Social Science,FRIDAY,1,08:00,08:40,DDEC-10A-P1
CURRENT,UPSERT,PHONE,9825510016,Class 10,A,Computer Science,FRIDAY,2,08:45,09:25,DDEC-10A-P2
CURRENT,UPSERT,PHONE,9825510016,Class 10,A,Physical Education,FRIDAY,3,09:40,10:20,DDEC-10A-P3
CURRENT,UPSERT,PHONE,9825510016,Class 10,A,Mathematics,FRIDAY,4,10:35,11:15,DDEC-10A-P4
CURRENT,UPSERT,PHONE,9825510016,Class 10,A,English,FRIDAY,5,11:30,12:10,DDEC-10A-P5
CURRENT,UPSERT,PHONE,9825510016,Class 10,A,Hindi,FRIDAY,6,12:20,13:00,DDEC-10A-P6
CURRENT,UPSERT,PHONE,9825510016,Class 10,A,Science,FRIDAY,7,13:10,13:50,DDEC-10A-P7
CURRENT,UPSERT,PHONE,9825510016,Class 10,A,Computer Science,SATURDAY,1,08:00,08:40,DDEC-10A-P1
CURRENT,UPSERT,PHONE,9825510016,Class 10,A,Physical Education,SATURDAY,2,08:45,09:25,DDEC-10A-P2
CURRENT,UPSERT,PHONE,9825510016,Class 10,A,Mathematics,SATURDAY,3,09:40,10:20,DDEC-10A-P3
CURRENT,UPSERT,PHONE,9825510016,Class 10,A,English,SATURDAY,4,10:35,11:15,DDEC-10A-P4
CURRENT,UPSERT,PHONE,9825510016,Class 10,A,Hindi,SATURDAY,5,11:30,12:10,DDEC-10A-P5
CURRENT,UPSERT,PHONE,9825510016,Class 10,A,Science,SATURDAY,6,12:20,13:00,DDEC-10A-P6
CURRENT,UPSERT,PHONE,9825510016,Class 10,A,Social Science,SATURDAY,7,13:10,13:50,DDEC-10A-P7
CURRENT,UPSERT,PHONE,9825510017,Class 10,B,Mathematics,MONDAY,1,08:00,08:40,DDEC-10B-P1
CURRENT,UPSERT,PHONE,9825510017,Class 10,B,English,MONDAY,2,08:45,09:25,DDEC-10B-P2
CURRENT,UPSERT,PHONE,9825510017,Class 10,B,Hindi,MONDAY,3,09:40,10:20,DDEC-10B-P3
CURRENT,UPSERT,PHONE,9825510017,Class 10,B,Science,MONDAY,4,10:35,11:15,DDEC-10B-P4
CURRENT,UPSERT,PHONE,9825510017,Class 10,B,Social Science,MONDAY,5,11:30,12:10,DDEC-10B-P5
CURRENT,UPSERT,PHONE,9825510017,Class 10,B,Computer Science,MONDAY,6,12:20,13:00,DDEC-10B-P6
CURRENT,UPSERT,PHONE,9825510017,Class 10,B,Physical Education,MONDAY,7,13:10,13:50,DDEC-10B-P7
CURRENT,UPSERT,PHONE,9825510017,Class 10,B,English,TUESDAY,1,08:00,08:40,DDEC-10B-P1
CURRENT,UPSERT,PHONE,9825510017,Class 10,B,Hindi,TUESDAY,2,08:45,09:25,DDEC-10B-P2
CURRENT,UPSERT,PHONE,9825510017,Class 10,B,Science,TUESDAY,3,09:40,10:20,DDEC-10B-P3
CURRENT,UPSERT,PHONE,9825510017,Class 10,B,Social Science,TUESDAY,4,10:35,11:15,DDEC-10B-P4
CURRENT,UPSERT,PHONE,9825510017,Class 10,B,Computer Science,TUESDAY,5,11:30,12:10,DDEC-10B-P5
CURRENT,UPSERT,PHONE,9825510017,Class 10,B,Physical Education,TUESDAY,6,12:20,13:00,DDEC-10B-P6
CURRENT,UPSERT,PHONE,9825510017,Class 10,B,Mathematics,TUESDAY,7,13:10,13:50,DDEC-10B-P7
CURRENT,UPSERT,PHONE,9825510017,Class 10,B,Hindi,WEDNESDAY,1,08:00,08:40,DDEC-10B-P1
CURRENT,UPSERT,PHONE,9825510017,Class 10,B,Science,WEDNESDAY,2,08:45,09:25,DDEC-10B-P2
CURRENT,UPSERT,PHONE,9825510017,Class 10,B,Social Science,WEDNESDAY,3,09:40,10:20,DDEC-10B-P3
CURRENT,UPSERT,PHONE,9825510017,Class 10,B,Computer Science,WEDNESDAY,4,10:35,11:15,DDEC-10B-P4
CURRENT,UPSERT,PHONE,9825510017,Class 10,B,Physical Education,WEDNESDAY,5,11:30,12:10,DDEC-10B-P5
CURRENT,UPSERT,PHONE,9825510017,Class 10,B,Mathematics,WEDNESDAY,6,12:20,13:00,DDEC-10B-P6
CURRENT,UPSERT,PHONE,9825510017,Class 10,B,English,WEDNESDAY,7,13:10,13:50,DDEC-10B-P7
CURRENT,UPSERT,PHONE,9825510017,Class 10,B,Science,THURSDAY,1,08:00,08:40,DDEC-10B-P1
CURRENT,UPSERT,PHONE,9825510017,Class 10,B,Social Science,THURSDAY,2,08:45,09:25,DDEC-10B-P2
CURRENT,UPSERT,PHONE,9825510017,Class 10,B,Computer Science,THURSDAY,3,09:40,10:20,DDEC-10B-P3
CURRENT,UPSERT,PHONE,9825510017,Class 10,B,Physical Education,THURSDAY,4,10:35,11:15,DDEC-10B-P4
CURRENT,UPSERT,PHONE,9825510017,Class 10,B,Mathematics,THURSDAY,5,11:30,12:10,DDEC-10B-P5
CURRENT,UPSERT,PHONE,9825510017,Class 10,B,English,THURSDAY,6,12:20,13:00,DDEC-10B-P6
CURRENT,UPSERT,PHONE,9825510017,Class 10,B,Hindi,THURSDAY,7,13:10,13:50,DDEC-10B-P7
CURRENT,UPSERT,PHONE,9825510017,Class 10,B,Social Science,FRIDAY,1,08:00,08:40,DDEC-10B-P1
CURRENT,UPSERT,PHONE,9825510017,Class 10,B,Computer Science,FRIDAY,2,08:45,09:25,DDEC-10B-P2
CURRENT,UPSERT,PHONE,9825510017,Class 10,B,Physical Education,FRIDAY,3,09:40,10:20,DDEC-10B-P3
CURRENT,UPSERT,PHONE,9825510017,Class 10,B,Mathematics,FRIDAY,4,10:35,11:15,DDEC-10B-P4
CURRENT,UPSERT,PHONE,9825510017,Class 10,B,English,FRIDAY,5,11:30,12:10,DDEC-10B-P5
CURRENT,UPSERT,PHONE,9825510017,Class 10,B,Hindi,FRIDAY,6,12:20,13:00,DDEC-10B-P6
CURRENT,UPSERT,PHONE,9825510017,Class 10,B,Science,FRIDAY,7,13:10,13:50,DDEC-10B-P7
CURRENT,UPSERT,PHONE,9825510017,Class 10,B,Computer Science,SATURDAY,1,08:00,08:40,DDEC-10B-P1
CURRENT,UPSERT,PHONE,9825510017,Class 10,B,Physical Education,SATURDAY,2,08:45,09:25,DDEC-10B-P2
CURRENT,UPSERT,PHONE,9825510017,Class 10,B,Mathematics,SATURDAY,3,09:40,10:20,DDEC-10B-P3
CURRENT,UPSERT,PHONE,9825510017,Class 10,B,English,SATURDAY,4,10:35,11:15,DDEC-10B-P4
CURRENT,UPSERT,PHONE,9825510017,Class 10,B,Hindi,SATURDAY,5,11:30,12:10,DDEC-10B-P5
CURRENT,UPSERT,PHONE,9825510017,Class 10,B,Science,SATURDAY,6,12:20,13:00,DDEC-10B-P6
CURRENT,UPSERT,PHONE,9825510017,Class 10,B,Social Science,SATURDAY,7,13:10,13:50,DDEC-10B-P7
CURRENT,UPSERT,PHONE,9825510018,Class 10,C,Mathematics,MONDAY,1,08:00,08:40,DDEC-10C-P1
CURRENT,UPSERT,PHONE,9825510018,Class 10,C,English,MONDAY,2,08:45,09:25,DDEC-10C-P2
CURRENT,UPSERT,PHONE,9825510018,Class 10,C,Hindi,MONDAY,3,09:40,10:20,DDEC-10C-P3
CURRENT,UPSERT,PHONE,9825510018,Class 10,C,Science,MONDAY,4,10:35,11:15,DDEC-10C-P4
CURRENT,UPSERT,PHONE,9825510018,Class 10,C,Social Science,MONDAY,5,11:30,12:10,DDEC-10C-P5
CURRENT,UPSERT,PHONE,9825510018,Class 10,C,Computer Science,MONDAY,6,12:20,13:00,DDEC-10C-P6
CURRENT,UPSERT,PHONE,9825510018,Class 10,C,Physical Education,MONDAY,7,13:10,13:50,DDEC-10C-P7
CURRENT,UPSERT,PHONE,9825510018,Class 10,C,English,TUESDAY,1,08:00,08:40,DDEC-10C-P1
CURRENT,UPSERT,PHONE,9825510018,Class 10,C,Hindi,TUESDAY,2,08:45,09:25,DDEC-10C-P2
CURRENT,UPSERT,PHONE,9825510018,Class 10,C,Science,TUESDAY,3,09:40,10:20,DDEC-10C-P3
CURRENT,UPSERT,PHONE,9825510018,Class 10,C,Social Science,TUESDAY,4,10:35,11:15,DDEC-10C-P4
CURRENT,UPSERT,PHONE,9825510018,Class 10,C,Computer Science,TUESDAY,5,11:30,12:10,DDEC-10C-P5
CURRENT,UPSERT,PHONE,9825510018,Class 10,C,Physical Education,TUESDAY,6,12:20,13:00,DDEC-10C-P6
CURRENT,UPSERT,PHONE,9825510018,Class 10,C,Mathematics,TUESDAY,7,13:10,13:50,DDEC-10C-P7
CURRENT,UPSERT,PHONE,9825510018,Class 10,C,Hindi,WEDNESDAY,1,08:00,08:40,DDEC-10C-P1
CURRENT,UPSERT,PHONE,9825510018,Class 10,C,Science,WEDNESDAY,2,08:45,09:25,DDEC-10C-P2
CURRENT,UPSERT,PHONE,9825510018,Class 10,C,Social Science,WEDNESDAY,3,09:40,10:20,DDEC-10C-P3
CURRENT,UPSERT,PHONE,9825510018,Class 10,C,Computer Science,WEDNESDAY,4,10:35,11:15,DDEC-10C-P4
CURRENT,UPSERT,PHONE,9825510018,Class 10,C,Physical Education,WEDNESDAY,5,11:30,12:10,DDEC-10C-P5
CURRENT,UPSERT,PHONE,9825510018,Class 10,C,Mathematics,WEDNESDAY,6,12:20,13:00,DDEC-10C-P6
CURRENT,UPSERT,PHONE,9825510018,Class 10,C,English,WEDNESDAY,7,13:10,13:50,DDEC-10C-P7
CURRENT,UPSERT,PHONE,9825510018,Class 10,C,Science,THURSDAY,1,08:00,08:40,DDEC-10C-P1
CURRENT,UPSERT,PHONE,9825510018,Class 10,C,Social Science,THURSDAY,2,08:45,09:25,DDEC-10C-P2
CURRENT,UPSERT,PHONE,9825510018,Class 10,C,Computer Science,THURSDAY,3,09:40,10:20,DDEC-10C-P3
CURRENT,UPSERT,PHONE,9825510018,Class 10,C,Physical Education,THURSDAY,4,10:35,11:15,DDEC-10C-P4
CURRENT,UPSERT,PHONE,9825510018,Class 10,C,Mathematics,THURSDAY,5,11:30,12:10,DDEC-10C-P5
CURRENT,UPSERT,PHONE,9825510018,Class 10,C,English,THURSDAY,6,12:20,13:00,DDEC-10C-P6
CURRENT,UPSERT,PHONE,9825510018,Class 10,C,Hindi,THURSDAY,7,13:10,13:50,DDEC-10C-P7
CURRENT,UPSERT,PHONE,9825510018,Class 10,C,Social Science,FRIDAY,1,08:00,08:40,DDEC-10C-P1
CURRENT,UPSERT,PHONE,9825510018,Class 10,C,Computer Science,FRIDAY,2,08:45,09:25,DDEC-10C-P2
CURRENT,UPSERT,PHONE,9825510018,Class 10,C,Physical Education,FRIDAY,3,09:40,10:20,DDEC-10C-P3
CURRENT,UPSERT,PHONE,9825510018,Class 10,C,Mathematics,FRIDAY,4,10:35,11:15,DDEC-10C-P4
CURRENT,UPSERT,PHONE,9825510018,Class 10,C,English,FRIDAY,5,11:30,12:10,DDEC-10C-P5
CURRENT,UPSERT,PHONE,9825510018,Class 10,C,Hindi,FRIDAY,6,12:20,13:00,DDEC-10C-P6
CURRENT,UPSERT,PHONE,9825510018,Class 10,C,Science,FRIDAY,7,13:10,13:50,DDEC-10C-P7
CURRENT,UPSERT,PHONE,9825510018,Class 10,C,Computer Science,SATURDAY,1,08:00,08:40,DDEC-10C-P1
CURRENT,UPSERT,PHONE,9825510018,Class 10,C,Physical Education,SATURDAY,2,08:45,09:25,DDEC-10C-P2
CURRENT,UPSERT,PHONE,9825510018,Class 10,C,Mathematics,SATURDAY,3,09:40,10:20,DDEC-10C-P3
CURRENT,UPSERT,PHONE,9825510018,Class 10,C,English,SATURDAY,4,10:35,11:15,DDEC-10C-P4
CURRENT,UPSERT,PHONE,9825510018,Class 10,C,Hindi,SATURDAY,5,11:30,12:10,DDEC-10C-P5
CURRENT,UPSERT,PHONE,9825510018,Class 10,C,Science,SATURDAY,6,12:20,13:00,DDEC-10C-P6
CURRENT,UPSERT,PHONE,9825510018,Class 10,C,Social Science,SATURDAY,7,13:10,13:50,DDEC-10C-P7
CURRENT,UPSERT,PHONE,9825510019,Class 11,A,Mathematics,MONDAY,1,08:00,08:40,DDEC-11A-P1
CURRENT,UPSERT,PHONE,9825510019,Class 11,A,English,MONDAY,2,08:45,09:25,DDEC-11A-P2
CURRENT,UPSERT,PHONE,9825510019,Class 11,A,Hindi,MONDAY,3,09:40,10:20,DDEC-11A-P3
CURRENT,UPSERT,PHONE,9825510019,Class 11,A,Science,MONDAY,4,10:35,11:15,DDEC-11A-P4
CURRENT,UPSERT,PHONE,9825510019,Class 11,A,Social Science,MONDAY,5,11:30,12:10,DDEC-11A-P5
CURRENT,UPSERT,PHONE,9825510019,Class 11,A,Computer Science,MONDAY,6,12:20,13:00,DDEC-11A-P6
CURRENT,UPSERT,PHONE,9825510019,Class 11,A,Physical Education,MONDAY,7,13:10,13:50,DDEC-11A-P7
CURRENT,UPSERT,PHONE,9825510019,Class 11,A,English,TUESDAY,1,08:00,08:40,DDEC-11A-P1
CURRENT,UPSERT,PHONE,9825510019,Class 11,A,Hindi,TUESDAY,2,08:45,09:25,DDEC-11A-P2
CURRENT,UPSERT,PHONE,9825510019,Class 11,A,Science,TUESDAY,3,09:40,10:20,DDEC-11A-P3
CURRENT,UPSERT,PHONE,9825510019,Class 11,A,Social Science,TUESDAY,4,10:35,11:15,DDEC-11A-P4
CURRENT,UPSERT,PHONE,9825510019,Class 11,A,Computer Science,TUESDAY,5,11:30,12:10,DDEC-11A-P5
CURRENT,UPSERT,PHONE,9825510019,Class 11,A,Physical Education,TUESDAY,6,12:20,13:00,DDEC-11A-P6
CURRENT,UPSERT,PHONE,9825510019,Class 11,A,Mathematics,TUESDAY,7,13:10,13:50,DDEC-11A-P7
CURRENT,UPSERT,PHONE,9825510019,Class 11,A,Hindi,WEDNESDAY,1,08:00,08:40,DDEC-11A-P1
CURRENT,UPSERT,PHONE,9825510019,Class 11,A,Science,WEDNESDAY,2,08:45,09:25,DDEC-11A-P2
CURRENT,UPSERT,PHONE,9825510019,Class 11,A,Social Science,WEDNESDAY,3,09:40,10:20,DDEC-11A-P3
CURRENT,UPSERT,PHONE,9825510019,Class 11,A,Computer Science,WEDNESDAY,4,10:35,11:15,DDEC-11A-P4
CURRENT,UPSERT,PHONE,9825510019,Class 11,A,Physical Education,WEDNESDAY,5,11:30,12:10,DDEC-11A-P5
CURRENT,UPSERT,PHONE,9825510019,Class 11,A,Mathematics,WEDNESDAY,6,12:20,13:00,DDEC-11A-P6
CURRENT,UPSERT,PHONE,9825510019,Class 11,A,English,WEDNESDAY,7,13:10,13:50,DDEC-11A-P7
CURRENT,UPSERT,PHONE,9825510019,Class 11,A,Science,THURSDAY,1,08:00,08:40,DDEC-11A-P1
CURRENT,UPSERT,PHONE,9825510019,Class 11,A,Social Science,THURSDAY,2,08:45,09:25,DDEC-11A-P2
CURRENT,UPSERT,PHONE,9825510019,Class 11,A,Computer Science,THURSDAY,3,09:40,10:20,DDEC-11A-P3
CURRENT,UPSERT,PHONE,9825510019,Class 11,A,Physical Education,THURSDAY,4,10:35,11:15,DDEC-11A-P4
CURRENT,UPSERT,PHONE,9825510019,Class 11,A,Mathematics,THURSDAY,5,11:30,12:10,DDEC-11A-P5
CURRENT,UPSERT,PHONE,9825510019,Class 11,A,English,THURSDAY,6,12:20,13:00,DDEC-11A-P6
CURRENT,UPSERT,PHONE,9825510019,Class 11,A,Hindi,THURSDAY,7,13:10,13:50,DDEC-11A-P7
CURRENT,UPSERT,PHONE,9825510019,Class 11,A,Social Science,FRIDAY,1,08:00,08:40,DDEC-11A-P1
CURRENT,UPSERT,PHONE,9825510019,Class 11,A,Computer Science,FRIDAY,2,08:45,09:25,DDEC-11A-P2
CURRENT,UPSERT,PHONE,9825510019,Class 11,A,Physical Education,FRIDAY,3,09:40,10:20,DDEC-11A-P3
CURRENT,UPSERT,PHONE,9825510019,Class 11,A,Mathematics,FRIDAY,4,10:35,11:15,DDEC-11A-P4
CURRENT,UPSERT,PHONE,9825510019,Class 11,A,English,FRIDAY,5,11:30,12:10,DDEC-11A-P5
CURRENT,UPSERT,PHONE,9825510019,Class 11,A,Hindi,FRIDAY,6,12:20,13:00,DDEC-11A-P6
CURRENT,UPSERT,PHONE,9825510019,Class 11,A,Science,FRIDAY,7,13:10,13:50,DDEC-11A-P7
CURRENT,UPSERT,PHONE,9825510019,Class 11,A,Computer Science,SATURDAY,1,08:00,08:40,DDEC-11A-P1
CURRENT,UPSERT,PHONE,9825510019,Class 11,A,Physical Education,SATURDAY,2,08:45,09:25,DDEC-11A-P2
CURRENT,UPSERT,PHONE,9825510019,Class 11,A,Mathematics,SATURDAY,3,09:40,10:20,DDEC-11A-P3
CURRENT,UPSERT,PHONE,9825510019,Class 11,A,English,SATURDAY,4,10:35,11:15,DDEC-11A-P4
CURRENT,UPSERT,PHONE,9825510019,Class 11,A,Hindi,SATURDAY,5,11:30,12:10,DDEC-11A-P5
CURRENT,UPSERT,PHONE,9825510019,Class 11,A,Science,SATURDAY,6,12:20,13:00,DDEC-11A-P6
CURRENT,UPSERT,PHONE,9825510019,Class 11,A,Social Science,SATURDAY,7,13:10,13:50,DDEC-11A-P7
CURRENT,UPSERT,PHONE,9825510020,Class 11,B,Mathematics,MONDAY,1,08:00,08:40,DDEC-11B-P1
CURRENT,UPSERT,PHONE,9825510020,Class 11,B,English,MONDAY,2,08:45,09:25,DDEC-11B-P2
CURRENT,UPSERT,PHONE,9825510020,Class 11,B,Hindi,MONDAY,3,09:40,10:20,DDEC-11B-P3
CURRENT,UPSERT,PHONE,9825510020,Class 11,B,Science,MONDAY,4,10:35,11:15,DDEC-11B-P4
CURRENT,UPSERT,PHONE,9825510020,Class 11,B,Social Science,MONDAY,5,11:30,12:10,DDEC-11B-P5
CURRENT,UPSERT,PHONE,9825510020,Class 11,B,Computer Science,MONDAY,6,12:20,13:00,DDEC-11B-P6
CURRENT,UPSERT,PHONE,9825510020,Class 11,B,Physical Education,MONDAY,7,13:10,13:50,DDEC-11B-P7
CURRENT,UPSERT,PHONE,9825510020,Class 11,B,English,TUESDAY,1,08:00,08:40,DDEC-11B-P1
CURRENT,UPSERT,PHONE,9825510020,Class 11,B,Hindi,TUESDAY,2,08:45,09:25,DDEC-11B-P2
CURRENT,UPSERT,PHONE,9825510020,Class 11,B,Science,TUESDAY,3,09:40,10:20,DDEC-11B-P3
CURRENT,UPSERT,PHONE,9825510020,Class 11,B,Social Science,TUESDAY,4,10:35,11:15,DDEC-11B-P4
CURRENT,UPSERT,PHONE,9825510020,Class 11,B,Computer Science,TUESDAY,5,11:30,12:10,DDEC-11B-P5
CURRENT,UPSERT,PHONE,9825510020,Class 11,B,Physical Education,TUESDAY,6,12:20,13:00,DDEC-11B-P6
CURRENT,UPSERT,PHONE,9825510020,Class 11,B,Mathematics,TUESDAY,7,13:10,13:50,DDEC-11B-P7
CURRENT,UPSERT,PHONE,9825510020,Class 11,B,Hindi,WEDNESDAY,1,08:00,08:40,DDEC-11B-P1
CURRENT,UPSERT,PHONE,9825510020,Class 11,B,Science,WEDNESDAY,2,08:45,09:25,DDEC-11B-P2
CURRENT,UPSERT,PHONE,9825510020,Class 11,B,Social Science,WEDNESDAY,3,09:40,10:20,DDEC-11B-P3
CURRENT,UPSERT,PHONE,9825510020,Class 11,B,Computer Science,WEDNESDAY,4,10:35,11:15,DDEC-11B-P4
CURRENT,UPSERT,PHONE,9825510020,Class 11,B,Physical Education,WEDNESDAY,5,11:30,12:10,DDEC-11B-P5
CURRENT,UPSERT,PHONE,9825510020,Class 11,B,Mathematics,WEDNESDAY,6,12:20,13:00,DDEC-11B-P6
CURRENT,UPSERT,PHONE,9825510020,Class 11,B,English,WEDNESDAY,7,13:10,13:50,DDEC-11B-P7
CURRENT,UPSERT,PHONE,9825510020,Class 11,B,Science,THURSDAY,1,08:00,08:40,DDEC-11B-P1
CURRENT,UPSERT,PHONE,9825510020,Class 11,B,Social Science,THURSDAY,2,08:45,09:25,DDEC-11B-P2
CURRENT,UPSERT,PHONE,9825510020,Class 11,B,Computer Science,THURSDAY,3,09:40,10:20,DDEC-11B-P3
CURRENT,UPSERT,PHONE,9825510020,Class 11,B,Physical Education,THURSDAY,4,10:35,11:15,DDEC-11B-P4
CURRENT,UPSERT,PHONE,9825510020,Class 11,B,Mathematics,THURSDAY,5,11:30,12:10,DDEC-11B-P5
CURRENT,UPSERT,PHONE,9825510020,Class 11,B,English,THURSDAY,6,12:20,13:00,DDEC-11B-P6
CURRENT,UPSERT,PHONE,9825510020,Class 11,B,Hindi,THURSDAY,7,13:10,13:50,DDEC-11B-P7
CURRENT,UPSERT,PHONE,9825510020,Class 11,B,Social Science,FRIDAY,1,08:00,08:40,DDEC-11B-P1
CURRENT,UPSERT,PHONE,9825510020,Class 11,B,Computer Science,FRIDAY,2,08:45,09:25,DDEC-11B-P2
CURRENT,UPSERT,PHONE,9825510020,Class 11,B,Physical Education,FRIDAY,3,09:40,10:20,DDEC-11B-P3
CURRENT,UPSERT,PHONE,9825510020,Class 11,B,Mathematics,FRIDAY,4,10:35,11:15,DDEC-11B-P4
CURRENT,UPSERT,PHONE,9825510020,Class 11,B,English,FRIDAY,5,11:30,12:10,DDEC-11B-P5
CURRENT,UPSERT,PHONE,9825510020,Class 11,B,Hindi,FRIDAY,6,12:20,13:00,DDEC-11B-P6
CURRENT,UPSERT,PHONE,9825510020,Class 11,B,Science,FRIDAY,7,13:10,13:50,DDEC-11B-P7
CURRENT,UPSERT,PHONE,9825510020,Class 11,B,Computer Science,SATURDAY,1,08:00,08:40,DDEC-11B-P1
CURRENT,UPSERT,PHONE,9825510020,Class 11,B,Physical Education,SATURDAY,2,08:45,09:25,DDEC-11B-P2
CURRENT,UPSERT,PHONE,9825510020,Class 11,B,Mathematics,SATURDAY,3,09:40,10:20,DDEC-11B-P3
CURRENT,UPSERT,PHONE,9825510020,Class 11,B,English,SATURDAY,4,10:35,11:15,DDEC-11B-P4
CURRENT,UPSERT,PHONE,9825510020,Class 11,B,Hindi,SATURDAY,5,11:30,12:10,DDEC-11B-P5
CURRENT,UPSERT,PHONE,9825510020,Class 11,B,Science,SATURDAY,6,12:20,13:00,DDEC-11B-P6
CURRENT,UPSERT,PHONE,9825510020,Class 11,B,Social Science,SATURDAY,7,13:10,13:50,DDEC-11B-P7
CURRENT,UPSERT,PHONE,9825510021,Class 11,C,Mathematics,MONDAY,1,08:00,08:40,DDEC-11C-P1
CURRENT,UPSERT,PHONE,9825510021,Class 11,C,English,MONDAY,2,08:45,09:25,DDEC-11C-P2
CURRENT,UPSERT,PHONE,9825510021,Class 11,C,Hindi,MONDAY,3,09:40,10:20,DDEC-11C-P3
CURRENT,UPSERT,PHONE,9825510021,Class 11,C,Science,MONDAY,4,10:35,11:15,DDEC-11C-P4
CURRENT,UPSERT,PHONE,9825510021,Class 11,C,Social Science,MONDAY,5,11:30,12:10,DDEC-11C-P5
CURRENT,UPSERT,PHONE,9825510021,Class 11,C,Computer Science,MONDAY,6,12:20,13:00,DDEC-11C-P6
CURRENT,UPSERT,PHONE,9825510021,Class 11,C,Physical Education,MONDAY,7,13:10,13:50,DDEC-11C-P7
CURRENT,UPSERT,PHONE,9825510021,Class 11,C,English,TUESDAY,1,08:00,08:40,DDEC-11C-P1
CURRENT,UPSERT,PHONE,9825510021,Class 11,C,Hindi,TUESDAY,2,08:45,09:25,DDEC-11C-P2
CURRENT,UPSERT,PHONE,9825510021,Class 11,C,Science,TUESDAY,3,09:40,10:20,DDEC-11C-P3
CURRENT,UPSERT,PHONE,9825510021,Class 11,C,Social Science,TUESDAY,4,10:35,11:15,DDEC-11C-P4
CURRENT,UPSERT,PHONE,9825510021,Class 11,C,Computer Science,TUESDAY,5,11:30,12:10,DDEC-11C-P5
CURRENT,UPSERT,PHONE,9825510021,Class 11,C,Physical Education,TUESDAY,6,12:20,13:00,DDEC-11C-P6
CURRENT,UPSERT,PHONE,9825510021,Class 11,C,Mathematics,TUESDAY,7,13:10,13:50,DDEC-11C-P7
CURRENT,UPSERT,PHONE,9825510021,Class 11,C,Hindi,WEDNESDAY,1,08:00,08:40,DDEC-11C-P1
CURRENT,UPSERT,PHONE,9825510021,Class 11,C,Science,WEDNESDAY,2,08:45,09:25,DDEC-11C-P2
CURRENT,UPSERT,PHONE,9825510021,Class 11,C,Social Science,WEDNESDAY,3,09:40,10:20,DDEC-11C-P3
CURRENT,UPSERT,PHONE,9825510021,Class 11,C,Computer Science,WEDNESDAY,4,10:35,11:15,DDEC-11C-P4
CURRENT,UPSERT,PHONE,9825510021,Class 11,C,Physical Education,WEDNESDAY,5,11:30,12:10,DDEC-11C-P5
CURRENT,UPSERT,PHONE,9825510021,Class 11,C,Mathematics,WEDNESDAY,6,12:20,13:00,DDEC-11C-P6
CURRENT,UPSERT,PHONE,9825510021,Class 11,C,English,WEDNESDAY,7,13:10,13:50,DDEC-11C-P7
CURRENT,UPSERT,PHONE,9825510021,Class 11,C,Science,THURSDAY,1,08:00,08:40,DDEC-11C-P1
CURRENT,UPSERT,PHONE,9825510021,Class 11,C,Social Science,THURSDAY,2,08:45,09:25,DDEC-11C-P2
CURRENT,UPSERT,PHONE,9825510021,Class 11,C,Computer Science,THURSDAY,3,09:40,10:20,DDEC-11C-P3
CURRENT,UPSERT,PHONE,9825510021,Class 11,C,Physical Education,THURSDAY,4,10:35,11:15,DDEC-11C-P4
CURRENT,UPSERT,PHONE,9825510021,Class 11,C,Mathematics,THURSDAY,5,11:30,12:10,DDEC-11C-P5
CURRENT,UPSERT,PHONE,9825510021,Class 11,C,English,THURSDAY,6,12:20,13:00,DDEC-11C-P6
CURRENT,UPSERT,PHONE,9825510021,Class 11,C,Hindi,THURSDAY,7,13:10,13:50,DDEC-11C-P7
CURRENT,UPSERT,PHONE,9825510021,Class 11,C,Social Science,FRIDAY,1,08:00,08:40,DDEC-11C-P1
CURRENT,UPSERT,PHONE,9825510021,Class 11,C,Computer Science,FRIDAY,2,08:45,09:25,DDEC-11C-P2
CURRENT,UPSERT,PHONE,9825510021,Class 11,C,Physical Education,FRIDAY,3,09:40,10:20,DDEC-11C-P3
CURRENT,UPSERT,PHONE,9825510021,Class 11,C,Mathematics,FRIDAY,4,10:35,11:15,DDEC-11C-P4
CURRENT,UPSERT,PHONE,9825510021,Class 11,C,English,FRIDAY,5,11:30,12:10,DDEC-11C-P5
CURRENT,UPSERT,PHONE,9825510021,Class 11,C,Hindi,FRIDAY,6,12:20,13:00,DDEC-11C-P6
CURRENT,UPSERT,PHONE,9825510021,Class 11,C,Science,FRIDAY,7,13:10,13:50,DDEC-11C-P7
CURRENT,UPSERT,PHONE,9825510021,Class 11,C,Computer Science,SATURDAY,1,08:00,08:40,DDEC-11C-P1
CURRENT,UPSERT,PHONE,9825510021,Class 11,C,Physical Education,SATURDAY,2,08:45,09:25,DDEC-11C-P2
CURRENT,UPSERT,PHONE,9825510021,Class 11,C,Mathematics,SATURDAY,3,09:40,10:20,DDEC-11C-P3
CURRENT,UPSERT,PHONE,9825510021,Class 11,C,English,SATURDAY,4,10:35,11:15,DDEC-11C-P4
CURRENT,UPSERT,PHONE,9825510021,Class 11,C,Hindi,SATURDAY,5,11:30,12:10,DDEC-11C-P5
CURRENT,UPSERT,PHONE,9825510021,Class 11,C,Science,SATURDAY,6,12:20,13:00,DDEC-11C-P6
CURRENT,UPSERT,PHONE,9825510021,Class 11,C,Social Science,SATURDAY,7,13:10,13:50,DDEC-11C-P7
CURRENT,UPSERT,PHONE,9825510022,Class 12,A,Mathematics,MONDAY,1,08:00,08:40,DDEC-12A-P1
CURRENT,UPSERT,PHONE,9825510022,Class 12,A,English,MONDAY,2,08:45,09:25,DDEC-12A-P2
CURRENT,UPSERT,PHONE,9825510022,Class 12,A,Hindi,MONDAY,3,09:40,10:20,DDEC-12A-P3
CURRENT,UPSERT,PHONE,9825510022,Class 12,A,Science,MONDAY,4,10:35,11:15,DDEC-12A-P4
CURRENT,UPSERT,PHONE,9825510022,Class 12,A,Social Science,MONDAY,5,11:30,12:10,DDEC-12A-P5
CURRENT,UPSERT,PHONE,9825510022,Class 12,A,Computer Science,MONDAY,6,12:20,13:00,DDEC-12A-P6
CURRENT,UPSERT,PHONE,9825510022,Class 12,A,Physical Education,MONDAY,7,13:10,13:50,DDEC-12A-P7
CURRENT,UPSERT,PHONE,9825510022,Class 12,A,English,TUESDAY,1,08:00,08:40,DDEC-12A-P1
CURRENT,UPSERT,PHONE,9825510022,Class 12,A,Hindi,TUESDAY,2,08:45,09:25,DDEC-12A-P2
CURRENT,UPSERT,PHONE,9825510022,Class 12,A,Science,TUESDAY,3,09:40,10:20,DDEC-12A-P3
CURRENT,UPSERT,PHONE,9825510022,Class 12,A,Social Science,TUESDAY,4,10:35,11:15,DDEC-12A-P4
CURRENT,UPSERT,PHONE,9825510022,Class 12,A,Computer Science,TUESDAY,5,11:30,12:10,DDEC-12A-P5
CURRENT,UPSERT,PHONE,9825510022,Class 12,A,Physical Education,TUESDAY,6,12:20,13:00,DDEC-12A-P6
CURRENT,UPSERT,PHONE,9825510022,Class 12,A,Mathematics,TUESDAY,7,13:10,13:50,DDEC-12A-P7
CURRENT,UPSERT,PHONE,9825510022,Class 12,A,Hindi,WEDNESDAY,1,08:00,08:40,DDEC-12A-P1
CURRENT,UPSERT,PHONE,9825510022,Class 12,A,Science,WEDNESDAY,2,08:45,09:25,DDEC-12A-P2
CURRENT,UPSERT,PHONE,9825510022,Class 12,A,Social Science,WEDNESDAY,3,09:40,10:20,DDEC-12A-P3
CURRENT,UPSERT,PHONE,9825510022,Class 12,A,Computer Science,WEDNESDAY,4,10:35,11:15,DDEC-12A-P4
CURRENT,UPSERT,PHONE,9825510022,Class 12,A,Physical Education,WEDNESDAY,5,11:30,12:10,DDEC-12A-P5
CURRENT,UPSERT,PHONE,9825510022,Class 12,A,Mathematics,WEDNESDAY,6,12:20,13:00,DDEC-12A-P6
CURRENT,UPSERT,PHONE,9825510022,Class 12,A,English,WEDNESDAY,7,13:10,13:50,DDEC-12A-P7
CURRENT,UPSERT,PHONE,9825510022,Class 12,A,Science,THURSDAY,1,08:00,08:40,DDEC-12A-P1
CURRENT,UPSERT,PHONE,9825510022,Class 12,A,Social Science,THURSDAY,2,08:45,09:25,DDEC-12A-P2
CURRENT,UPSERT,PHONE,9825510022,Class 12,A,Computer Science,THURSDAY,3,09:40,10:20,DDEC-12A-P3
CURRENT,UPSERT,PHONE,9825510022,Class 12,A,Physical Education,THURSDAY,4,10:35,11:15,DDEC-12A-P4
CURRENT,UPSERT,PHONE,9825510022,Class 12,A,Mathematics,THURSDAY,5,11:30,12:10,DDEC-12A-P5
CURRENT,UPSERT,PHONE,9825510022,Class 12,A,English,THURSDAY,6,12:20,13:00,DDEC-12A-P6
CURRENT,UPSERT,PHONE,9825510022,Class 12,A,Hindi,THURSDAY,7,13:10,13:50,DDEC-12A-P7
CURRENT,UPSERT,PHONE,9825510022,Class 12,A,Social Science,FRIDAY,1,08:00,08:40,DDEC-12A-P1
CURRENT,UPSERT,PHONE,9825510022,Class 12,A,Computer Science,FRIDAY,2,08:45,09:25,DDEC-12A-P2
CURRENT,UPSERT,PHONE,9825510022,Class 12,A,Physical Education,FRIDAY,3,09:40,10:20,DDEC-12A-P3
CURRENT,UPSERT,PHONE,9825510022,Class 12,A,Mathematics,FRIDAY,4,10:35,11:15,DDEC-12A-P4
CURRENT,UPSERT,PHONE,9825510022,Class 12,A,English,FRIDAY,5,11:30,12:10,DDEC-12A-P5
CURRENT,UPSERT,PHONE,9825510022,Class 12,A,Hindi,FRIDAY,6,12:20,13:00,DDEC-12A-P6
CURRENT,UPSERT,PHONE,9825510022,Class 12,A,Science,FRIDAY,7,13:10,13:50,DDEC-12A-P7
CURRENT,UPSERT,PHONE,9825510022,Class 12,A,Computer Science,SATURDAY,1,08:00,08:40,DDEC-12A-P1
CURRENT,UPSERT,PHONE,9825510022,Class 12,A,Physical Education,SATURDAY,2,08:45,09:25,DDEC-12A-P2
CURRENT,UPSERT,PHONE,9825510022,Class 12,A,Mathematics,SATURDAY,3,09:40,10:20,DDEC-12A-P3
CURRENT,UPSERT,PHONE,9825510022,Class 12,A,English,SATURDAY,4,10:35,11:15,DDEC-12A-P4
CURRENT,UPSERT,PHONE,9825510022,Class 12,A,Hindi,SATURDAY,5,11:30,12:10,DDEC-12A-P5
CURRENT,UPSERT,PHONE,9825510022,Class 12,A,Science,SATURDAY,6,12:20,13:00,DDEC-12A-P6
CURRENT,UPSERT,PHONE,9825510022,Class 12,A,Social Science,SATURDAY,7,13:10,13:50,DDEC-12A-P7
CURRENT,UPSERT,PHONE,9825510023,Class 12,B,Mathematics,MONDAY,1,08:00,08:40,DDEC-12B-P1
CURRENT,UPSERT,PHONE,9825510023,Class 12,B,English,MONDAY,2,08:45,09:25,DDEC-12B-P2
CURRENT,UPSERT,PHONE,9825510023,Class 12,B,Hindi,MONDAY,3,09:40,10:20,DDEC-12B-P3
CURRENT,UPSERT,PHONE,9825510023,Class 12,B,Science,MONDAY,4,10:35,11:15,DDEC-12B-P4
CURRENT,UPSERT,PHONE,9825510023,Class 12,B,Social Science,MONDAY,5,11:30,12:10,DDEC-12B-P5
CURRENT,UPSERT,PHONE,9825510023,Class 12,B,Computer Science,MONDAY,6,12:20,13:00,DDEC-12B-P6
CURRENT,UPSERT,PHONE,9825510023,Class 12,B,Physical Education,MONDAY,7,13:10,13:50,DDEC-12B-P7
CURRENT,UPSERT,PHONE,9825510023,Class 12,B,English,TUESDAY,1,08:00,08:40,DDEC-12B-P1
CURRENT,UPSERT,PHONE,9825510023,Class 12,B,Hindi,TUESDAY,2,08:45,09:25,DDEC-12B-P2
CURRENT,UPSERT,PHONE,9825510023,Class 12,B,Science,TUESDAY,3,09:40,10:20,DDEC-12B-P3
CURRENT,UPSERT,PHONE,9825510023,Class 12,B,Social Science,TUESDAY,4,10:35,11:15,DDEC-12B-P4
CURRENT,UPSERT,PHONE,9825510023,Class 12,B,Computer Science,TUESDAY,5,11:30,12:10,DDEC-12B-P5
CURRENT,UPSERT,PHONE,9825510023,Class 12,B,Physical Education,TUESDAY,6,12:20,13:00,DDEC-12B-P6
CURRENT,UPSERT,PHONE,9825510023,Class 12,B,Mathematics,TUESDAY,7,13:10,13:50,DDEC-12B-P7
CURRENT,UPSERT,PHONE,9825510023,Class 12,B,Hindi,WEDNESDAY,1,08:00,08:40,DDEC-12B-P1
CURRENT,UPSERT,PHONE,9825510023,Class 12,B,Science,WEDNESDAY,2,08:45,09:25,DDEC-12B-P2
CURRENT,UPSERT,PHONE,9825510023,Class 12,B,Social Science,WEDNESDAY,3,09:40,10:20,DDEC-12B-P3
CURRENT,UPSERT,PHONE,9825510023,Class 12,B,Computer Science,WEDNESDAY,4,10:35,11:15,DDEC-12B-P4
CURRENT,UPSERT,PHONE,9825510023,Class 12,B,Physical Education,WEDNESDAY,5,11:30,12:10,DDEC-12B-P5
CURRENT,UPSERT,PHONE,9825510023,Class 12,B,Mathematics,WEDNESDAY,6,12:20,13:00,DDEC-12B-P6
CURRENT,UPSERT,PHONE,9825510023,Class 12,B,English,WEDNESDAY,7,13:10,13:50,DDEC-12B-P7
CURRENT,UPSERT,PHONE,9825510023,Class 12,B,Science,THURSDAY,1,08:00,08:40,DDEC-12B-P1
CURRENT,UPSERT,PHONE,9825510023,Class 12,B,Social Science,THURSDAY,2,08:45,09:25,DDEC-12B-P2
CURRENT,UPSERT,PHONE,9825510023,Class 12,B,Computer Science,THURSDAY,3,09:40,10:20,DDEC-12B-P3
CURRENT,UPSERT,PHONE,9825510023,Class 12,B,Physical Education,THURSDAY,4,10:35,11:15,DDEC-12B-P4
CURRENT,UPSERT,PHONE,9825510023,Class 12,B,Mathematics,THURSDAY,5,11:30,12:10,DDEC-12B-P5
CURRENT,UPSERT,PHONE,9825510023,Class 12,B,English,THURSDAY,6,12:20,13:00,DDEC-12B-P6
CURRENT,UPSERT,PHONE,9825510023,Class 12,B,Hindi,THURSDAY,7,13:10,13:50,DDEC-12B-P7
CURRENT,UPSERT,PHONE,9825510023,Class 12,B,Social Science,FRIDAY,1,08:00,08:40,DDEC-12B-P1
CURRENT,UPSERT,PHONE,9825510023,Class 12,B,Computer Science,FRIDAY,2,08:45,09:25,DDEC-12B-P2
CURRENT,UPSERT,PHONE,9825510023,Class 12,B,Physical Education,FRIDAY,3,09:40,10:20,DDEC-12B-P3
CURRENT,UPSERT,PHONE,9825510023,Class 12,B,Mathematics,FRIDAY,4,10:35,11:15,DDEC-12B-P4
CURRENT,UPSERT,PHONE,9825510023,Class 12,B,English,FRIDAY,5,11:30,12:10,DDEC-12B-P5
CURRENT,UPSERT,PHONE,9825510023,Class 12,B,Hindi,FRIDAY,6,12:20,13:00,DDEC-12B-P6
CURRENT,UPSERT,PHONE,9825510023,Class 12,B,Science,FRIDAY,7,13:10,13:50,DDEC-12B-P7
CURRENT,UPSERT,PHONE,9825510023,Class 12,B,Computer Science,SATURDAY,1,08:00,08:40,DDEC-12B-P1
CURRENT,UPSERT,PHONE,9825510023,Class 12,B,Physical Education,SATURDAY,2,08:45,09:25,DDEC-12B-P2
CURRENT,UPSERT,PHONE,9825510023,Class 12,B,Mathematics,SATURDAY,3,09:40,10:20,DDEC-12B-P3
CURRENT,UPSERT,PHONE,9825510023,Class 12,B,English,SATURDAY,4,10:35,11:15,DDEC-12B-P4
CURRENT,UPSERT,PHONE,9825510023,Class 12,B,Hindi,SATURDAY,5,11:30,12:10,DDEC-12B-P5
CURRENT,UPSERT,PHONE,9825510023,Class 12,B,Science,SATURDAY,6,12:20,13:00,DDEC-12B-P6
CURRENT,UPSERT,PHONE,9825510023,Class 12,B,Social Science,SATURDAY,7,13:10,13:50,DDEC-12B-P7
CURRENT,UPSERT,PHONE,9825510024,Class 12,C,Mathematics,MONDAY,1,08:00,08:40,DDEC-12C-P1
CURRENT,UPSERT,PHONE,9825510024,Class 12,C,English,MONDAY,2,08:45,09:25,DDEC-12C-P2
CURRENT,UPSERT,PHONE,9825510024,Class 12,C,Hindi,MONDAY,3,09:40,10:20,DDEC-12C-P3
CURRENT,UPSERT,PHONE,9825510024,Class 12,C,Science,MONDAY,4,10:35,11:15,DDEC-12C-P4
CURRENT,UPSERT,PHONE,9825510024,Class 12,C,Social Science,MONDAY,5,11:30,12:10,DDEC-12C-P5
CURRENT,UPSERT,PHONE,9825510024,Class 12,C,Computer Science,MONDAY,6,12:20,13:00,DDEC-12C-P6
CURRENT,UPSERT,PHONE,9825510024,Class 12,C,Physical Education,MONDAY,7,13:10,13:50,DDEC-12C-P7
CURRENT,UPSERT,PHONE,9825510024,Class 12,C,English,TUESDAY,1,08:00,08:40,DDEC-12C-P1
CURRENT,UPSERT,PHONE,9825510024,Class 12,C,Hindi,TUESDAY,2,08:45,09:25,DDEC-12C-P2
CURRENT,UPSERT,PHONE,9825510024,Class 12,C,Science,TUESDAY,3,09:40,10:20,DDEC-12C-P3
CURRENT,UPSERT,PHONE,9825510024,Class 12,C,Social Science,TUESDAY,4,10:35,11:15,DDEC-12C-P4
CURRENT,UPSERT,PHONE,9825510024,Class 12,C,Computer Science,TUESDAY,5,11:30,12:10,DDEC-12C-P5
CURRENT,UPSERT,PHONE,9825510024,Class 12,C,Physical Education,TUESDAY,6,12:20,13:00,DDEC-12C-P6
CURRENT,UPSERT,PHONE,9825510024,Class 12,C,Mathematics,TUESDAY,7,13:10,13:50,DDEC-12C-P7
CURRENT,UPSERT,PHONE,9825510024,Class 12,C,Hindi,WEDNESDAY,1,08:00,08:40,DDEC-12C-P1
CURRENT,UPSERT,PHONE,9825510024,Class 12,C,Science,WEDNESDAY,2,08:45,09:25,DDEC-12C-P2
CURRENT,UPSERT,PHONE,9825510024,Class 12,C,Social Science,WEDNESDAY,3,09:40,10:20,DDEC-12C-P3
CURRENT,UPSERT,PHONE,9825510024,Class 12,C,Computer Science,WEDNESDAY,4,10:35,11:15,DDEC-12C-P4
CURRENT,UPSERT,PHONE,9825510024,Class 12,C,Physical Education,WEDNESDAY,5,11:30,12:10,DDEC-12C-P5
CURRENT,UPSERT,PHONE,9825510024,Class 12,C,Mathematics,WEDNESDAY,6,12:20,13:00,DDEC-12C-P6
CURRENT,UPSERT,PHONE,9825510024,Class 12,C,English,WEDNESDAY,7,13:10,13:50,DDEC-12C-P7
CURRENT,UPSERT,PHONE,9825510024,Class 12,C,Science,THURSDAY,1,08:00,08:40,DDEC-12C-P1
CURRENT,UPSERT,PHONE,9825510024,Class 12,C,Social Science,THURSDAY,2,08:45,09:25,DDEC-12C-P2
CURRENT,UPSERT,PHONE,9825510024,Class 12,C,Computer Science,THURSDAY,3,09:40,10:20,DDEC-12C-P3
CURRENT,UPSERT,PHONE,9825510024,Class 12,C,Physical Education,THURSDAY,4,10:35,11:15,DDEC-12C-P4
CURRENT,UPSERT,PHONE,9825510024,Class 12,C,Mathematics,THURSDAY,5,11:30,12:10,DDEC-12C-P5
CURRENT,UPSERT,PHONE,9825510024,Class 12,C,English,THURSDAY,6,12:20,13:00,DDEC-12C-P6
CURRENT,UPSERT,PHONE,9825510024,Class 12,C,Hindi,THURSDAY,7,13:10,13:50,DDEC-12C-P7
CURRENT,UPSERT,PHONE,9825510024,Class 12,C,Social Science,FRIDAY,1,08:00,08:40,DDEC-12C-P1
CURRENT,UPSERT,PHONE,9825510024,Class 12,C,Computer Science,FRIDAY,2,08:45,09:25,DDEC-12C-P2
CURRENT,UPSERT,PHONE,9825510024,Class 12,C,Physical Education,FRIDAY,3,09:40,10:20,DDEC-12C-P3
CURRENT,UPSERT,PHONE,9825510024,Class 12,C,Mathematics,FRIDAY,4,10:35,11:15,DDEC-12C-P4
CURRENT,UPSERT,PHONE,9825510024,Class 12,C,English,FRIDAY,5,11:30,12:10,DDEC-12C-P5
CURRENT,UPSERT,PHONE,9825510024,Class 12,C,Hindi,FRIDAY,6,12:20,13:00,DDEC-12C-P6
CURRENT,UPSERT,PHONE,9825510024,Class 12,C,Science,FRIDAY,7,13:10,13:50,DDEC-12C-P7
CURRENT,UPSERT,PHONE,9825510024,Class 12,C,Computer Science,SATURDAY,1,08:00,08:40,DDEC-12C-P1
CURRENT,UPSERT,PHONE,9825510024,Class 12,C,Physical Education,SATURDAY,2,08:45,09:25,DDEC-12C-P2
CURRENT,UPSERT,PHONE,9825510024,Class 12,C,Mathematics,SATURDAY,3,09:40,10:20,DDEC-12C-P3
CURRENT,UPSERT,PHONE,9825510024,Class 12,C,English,SATURDAY,4,10:35,11:15,DDEC-12C-P4
CURRENT,UPSERT,PHONE,9825510024,Class 12,C,Hindi,SATURDAY,5,11:30,12:10,DDEC-12C-P5
CURRENT,UPSERT,PHONE,9825510024,Class 12,C,Science,SATURDAY,6,12:20,13:00,DDEC-12C-P6
CURRENT,UPSERT,PHONE,9825510024,Class 12,C,Social Science,SATURDAY,7,13:10,13:50,DDEC-12C-P7
